species	family	node	filtered_hits	short
Callorhinchus_milii	Let-7	Bilateria	10	C.milii
Callorhinchus_milii	Mir-1	Bilateria	3	C.milii
Callorhinchus_milii	Mir-10	Eumetazoa	6	C.milii
Callorhinchus_milii	Mir-101	Vertebrata	2	C.milii
Callorhinchus_milii	Mir-103	Deuterostomia	3	C.milii
Callorhinchus_milii	Mir-122	Vertebrata	1	C.milii
Callorhinchus_milii	Mir-124	Bilateria	4	C.milii
Callorhinchus_milii	Mir-126	Olfactores	2	C.milii
Callorhinchus_milii	Mir-128	Vertebrata	3	C.milii
Callorhinchus_milii	Mir-129	Chordata	2	C.milii
Callorhinchus_milii	Mir-130	Vertebrata	7	C.milii
Callorhinchus_milii	Mir-1306	Gnathostomata	1	C.milii
Callorhinchus_milii	Mir-132	Vertebrata	2	C.milii
Callorhinchus_milii	Mir-1329	Vertebrata	1	C.milii
Callorhinchus_milii	Mir-133	Bilateria	3	C.milii
Callorhinchus_milii	Mir-135	Chordata	3	C.milii
Callorhinchus_milii	Mir-137	Bilateria	1	C.milii
Callorhinchus_milii	Mir-138	Vertebrata	2	C.milii
Callorhinchus_milii	Mir-1388	Gnathostomata	1	C.milii
Callorhinchus_milii	Mir-139	Gnathostomata	1	C.milii
Callorhinchus_milii	Mir-140	Vertebrata	1	C.milii
Callorhinchus_milii	Mir-142	Vertebrata	1	C.milii
Callorhinchus_milii	Mir-143	Vertebrata	1	C.milii
Callorhinchus_milii	Mir-144	Vertebrata	1	C.milii
Callorhinchus_milii	Mir-145	Vertebrata	1	C.milii
Callorhinchus_milii	Mir-146	Vertebrata	3	C.milii
Callorhinchus_milii	Mir-147	Vertebrata	1	C.milii
Callorhinchus_milii	Mir-148	Vertebrata	4	C.milii
Callorhinchus_milii	Mir-15	Olfactores	6	C.milii
Callorhinchus_milii	Mir-150	Gnathostomata	1	C.milii
Callorhinchus_milii	Mir-153	Bilateria	3	C.milii
Callorhinchus_milii	Mir-155	Vertebrata	1	C.milii
Callorhinchus_milii	Mir-17	Vertebrata	11	C.milii
Callorhinchus_milii	Mir-1788	Vertebrata	1	C.milii
Callorhinchus_milii	Mir-181	Vertebrata	6	C.milii
Callorhinchus_milii	Mir-184	Bilateria	1	C.milii
Callorhinchus_milii	Mir-19	Vertebrata	6	C.milii
Callorhinchus_milii	Mir-190	Bilateria	3	C.milii
Callorhinchus_milii	Mir-191	Gnathostomata	1	C.milii
Callorhinchus_milii	Mir-192	Vertebrata	1	C.milii
Callorhinchus_milii	Mir-193	Bilateria	4	C.milii
Callorhinchus_milii	Mir-194	Vertebrata	1	C.milii
Callorhinchus_milii	Mir-196	Olfactores	3	C.milii
Callorhinchus_milii	Mir-199	Vertebrata	2	C.milii
Callorhinchus_milii	Mir-202	Vertebrata	1	C.milii
Callorhinchus_milii	Mir-203	Vertebrata	2	C.milii
Callorhinchus_milii	Mir-204	Vertebrata	3	C.milii
Callorhinchus_milii	Mir-205	Vertebrata	3	C.milii
Callorhinchus_milii	Mir-208	Vertebrata	1	C.milii
Callorhinchus_milii	Mir-21	Vertebrata	1	C.milii
Callorhinchus_milii	Mir-210	Bilateria	1	C.milii
Callorhinchus_milii	Mir-214	Gnathostomata	1	C.milii
Callorhinchus_milii	Mir-216	Bilateria	2	C.milii
Callorhinchus_milii	Mir-217	Chordata	1	C.milii
Callorhinchus_milii	Mir-218	Vertebrata	2	C.milii
Callorhinchus_milii	Mir-2184	Gnathostomata	1	C.milii
Callorhinchus_milii	Mir-2188	Gnathostomata	1	C.milii
Callorhinchus_milii	Mir-219	Bilateria	1	C.milii
Callorhinchus_milii	Mir-22	Bilateria	2	C.milii
Callorhinchus_milii	Mir-221	Vertebrata	3	C.milii
Callorhinchus_milii	Mir-223	Vertebrata	1	C.milii
Callorhinchus_milii	Mir-23	Vertebrata	4	C.milii
Callorhinchus_milii	Mir-24	Vertebrata	2	C.milii
Callorhinchus_milii	Mir-26	Vertebrata	1	C.milii
Callorhinchus_milii	Mir-27	Vertebrata	3	C.milii
Callorhinchus_milii	Mir-281	Bilateria	1	C.milii
Callorhinchus_milii	Mir-29	Bilateria	6	C.milii
Callorhinchus_milii	Mir-30	Vertebrata	7	C.milii
Callorhinchus_milii	Mir-31	Bilateria	1	C.milii
Callorhinchus_milii	Mir-32	Gnathostomata	1	C.milii
Callorhinchus_milii	Mir-33	Bilateria	2	C.milii
Callorhinchus_milii	Mir-338	Vertebrata	2	C.milii
Callorhinchus_milii	Mir-34	Bilateria	7	C.milii
Callorhinchus_milii	Mir-425	Gnathostomata	1	C.milii
Callorhinchus_milii	Mir-451	Vertebrata	2	C.milii
Callorhinchus_milii	Mir-4541	Vertebrata	1	C.milii
Callorhinchus_milii	Mir-455	Vertebrata	1	C.milii
Callorhinchus_milii	Mir-456	Vertebrata	1	C.milii
Callorhinchus_milii	Mir-551	Vertebrata	2	C.milii
Callorhinchus_milii	Mir-7	Bilateria	3	C.milii
Callorhinchus_milii	Mir-725	Gnathostomata	1	C.milii
Callorhinchus_milii	Mir-8	Bilateria	3	C.milii
Callorhinchus_milii	Mir-9	Bilateria	3	C.milii
Callorhinchus_milii	Mir-92	Bilateria	9	C.milii
Callorhinchus_milii	Mir-96	Bilateria	3	C.milii
Ciona_intestinalis	Let-7	Bilateria	6	C.intestinalis
Ciona_intestinalis	Mir-1	Bilateria	1	C.intestinalis
Ciona_intestinalis	Mir-124	Bilateria	2	C.intestinalis
Ciona_intestinalis	Mir-126	Olfactores	1	C.intestinalis
Ciona_intestinalis	Mir-133	Bilateria	1	C.intestinalis
Ciona_intestinalis	Mir-135	Chordata	1	C.intestinalis
Ciona_intestinalis	Mir-153	Bilateria	1	C.intestinalis
Ciona_intestinalis	Mir-184	Bilateria	1	C.intestinalis
Ciona_intestinalis	Mir-196	Olfactores	1	C.intestinalis
Ciona_intestinalis	Mir-219	Bilateria	1	C.intestinalis
Ciona_intestinalis	Mir-281	Bilateria	1	C.intestinalis
Ciona_intestinalis	Mir-31	Bilateria	1	C.intestinalis
Ciona_intestinalis	Mir-34	Bilateria	1	C.intestinalis
Ciona_intestinalis	Mir-375	Bilateria	1	C.intestinalis
Ciona_intestinalis	Mir-4057	Chordata	1	C.intestinalis
Ciona_intestinalis	Mir-7	Bilateria	1	C.intestinalis
Ciona_intestinalis	Mir-9	Bilateria	1	C.intestinalis
Ciona_intestinalis	Mir-92	Bilateria	2	C.intestinalis
Ciona_intestinalis	Mir-96	Bilateria	1	C.intestinalis
Danio_rerio	Let-7	Bilateria	23	D.rerio
Danio_rerio	Mir-1	Bilateria	6	D.rerio
Danio_rerio	Mir-10	Eumetazoa	16	D.rerio
Danio_rerio	Mir-101	Vertebrata	2	D.rerio
Danio_rerio	Mir-103	Deuterostomia	6	D.rerio
Danio_rerio	Mir-122	Vertebrata	1	D.rerio
Danio_rerio	Mir-124	Bilateria	6	D.rerio
Danio_rerio	Mir-126	Olfactores	2	D.rerio
Danio_rerio	Mir-128	Vertebrata	3	D.rerio
Danio_rerio	Mir-129	Chordata	4	D.rerio
Danio_rerio	Mir-130	Vertebrata	9	D.rerio
Danio_rerio	Mir-1306	Gnathostomata	2	D.rerio
Danio_rerio	Mir-132	Vertebrata	4	D.rerio
Danio_rerio	Mir-133	Bilateria	4	D.rerio
Danio_rerio	Mir-135	Chordata	5	D.rerio
Danio_rerio	Mir-137	Bilateria	2	D.rerio
Danio_rerio	Mir-138	Vertebrata	2	D.rerio
Danio_rerio	Mir-1388	Gnathostomata	2	D.rerio
Danio_rerio	Mir-139	Gnathostomata	1	D.rerio
Danio_rerio	Mir-140	Vertebrata	1	D.rerio
Danio_rerio	Mir-142	Vertebrata	2	D.rerio
Danio_rerio	Mir-143	Vertebrata	2	D.rerio
Danio_rerio	Mir-144	Vertebrata	1	D.rerio
Danio_rerio	Mir-145	Vertebrata	2	D.rerio
Danio_rerio	Mir-146	Vertebrata	2	D.rerio
Danio_rerio	Mir-148	Vertebrata	4	D.rerio
Danio_rerio	Mir-15	Olfactores	14	D.rerio
Danio_rerio	Mir-150	Gnathostomata	2	D.rerio
Danio_rerio	Mir-153	Bilateria	5	D.rerio
Danio_rerio	Mir-155	Vertebrata	1	D.rerio
Danio_rerio	Mir-17	Vertebrata	11	D.rerio
Danio_rerio	Mir-1788	Vertebrata	1	D.rerio
Danio_rerio	Mir-181	Vertebrata	12	D.rerio
Danio_rerio	Mir-184	Bilateria	3	D.rerio
Danio_rerio	Mir-187	Osteichthyes	1	D.rerio
Danio_rerio	Mir-19	Vertebrata	7	D.rerio
Danio_rerio	Mir-190	Bilateria	2	D.rerio
Danio_rerio	Mir-191	Gnathostomata	1	D.rerio
Danio_rerio	Mir-192	Vertebrata	3	D.rerio
Danio_rerio	Mir-193	Bilateria	10	D.rerio
Danio_rerio	Mir-194	Vertebrata	4	D.rerio
Danio_rerio	Mir-196	Olfactores	5	D.rerio
Danio_rerio	Mir-199	Vertebrata	4	D.rerio
Danio_rerio	Mir-202	Vertebrata	1	D.rerio
Danio_rerio	Mir-203	Vertebrata	2	D.rerio
Danio_rerio	Mir-204	Vertebrata	5	D.rerio
Danio_rerio	Mir-205	Vertebrata	1	D.rerio
Danio_rerio	Mir-208	Vertebrata	1	D.rerio
Danio_rerio	Mir-21	Vertebrata	3	D.rerio
Danio_rerio	Mir-210	Bilateria	1	D.rerio
Danio_rerio	Mir-214	Gnathostomata	1	D.rerio
Danio_rerio	Mir-216	Bilateria	4	D.rerio
Danio_rerio	Mir-217	Chordata	2	D.rerio
Danio_rerio	Mir-218	Vertebrata	4	D.rerio
Danio_rerio	Mir-2184	Gnathostomata	2	D.rerio
Danio_rerio	Mir-2188	Gnathostomata	1	D.rerio
Danio_rerio	Mir-219	Bilateria	6	D.rerio
Danio_rerio	Mir-22	Bilateria	5	D.rerio
Danio_rerio	Mir-221	Vertebrata	5	D.rerio
Danio_rerio	Mir-223	Vertebrata	2	D.rerio
Danio_rerio	Mir-23	Vertebrata	6	D.rerio
Danio_rerio	Mir-24	Vertebrata	6	D.rerio
Danio_rerio	Mir-26	Vertebrata	5	D.rerio
Danio_rerio	Mir-27	Vertebrata	6	D.rerio
Danio_rerio	Mir-29	Bilateria	7	D.rerio
Danio_rerio	Mir-30	Vertebrata	7	D.rerio
Danio_rerio	Mir-31	Bilateria	1	D.rerio
Danio_rerio	Mir-33	Bilateria	1	D.rerio
Danio_rerio	Mir-338	Vertebrata	5	D.rerio
Danio_rerio	Mir-34	Bilateria	6	D.rerio
Danio_rerio	Mir-375	Bilateria	2	D.rerio
Danio_rerio	Mir-425	Gnathostomata	1	D.rerio
Danio_rerio	Mir-451	Vertebrata	1	D.rerio
Danio_rerio	Mir-455	Vertebrata	3	D.rerio
Danio_rerio	Mir-456	Vertebrata	2	D.rerio
Danio_rerio	Mir-458	Osteichthyes	1	D.rerio
Danio_rerio	Mir-459	Vertebrata	1	D.rerio
Danio_rerio	Mir-460	Osteichthyes	4	D.rerio
Danio_rerio	Mir-489	Osteichthyes	2	D.rerio
Danio_rerio	Mir-499	Vertebrata	2	D.rerio
Danio_rerio	Mir-551	Vertebrata	1	D.rerio
Danio_rerio	Mir-7	Bilateria	5	D.rerio
Danio_rerio	Mir-7147	Osteichthyes	1	D.rerio
Danio_rerio	Mir-722	Osteichthyes	3	D.rerio
Danio_rerio	Mir-725	Gnathostomata	2	D.rerio
Danio_rerio	Mir-726	Osteichthyes	2	D.rerio
Danio_rerio	Mir-727	Osteichthyes	2	D.rerio
Danio_rerio	Mir-737	Osteichthyes	1	D.rerio
Danio_rerio	Mir-8	Bilateria	6	D.rerio
Danio_rerio	Mir-9	Bilateria	7	D.rerio
Danio_rerio	Mir-92	Bilateria	4	D.rerio
Danio_rerio	Mir-96	Bilateria	3	D.rerio
Eptatretus_burgeri	Let-7	Bilateria	8	E.burgeri
Eptatretus_burgeri	Mir-1	Bilateria	5	E.burgeri
Eptatretus_burgeri	Mir-10	Eumetazoa	4	E.burgeri
Eptatretus_burgeri	Mir-122	Vertebrata	2	E.burgeri
Eptatretus_burgeri	Mir-124	Bilateria	2	E.burgeri
Eptatretus_burgeri	Mir-126	Olfactores	1	E.burgeri
Eptatretus_burgeri	Mir-128	Vertebrata	1	E.burgeri
Eptatretus_burgeri	Mir-129	Chordata	2	E.burgeri
Eptatretus_burgeri	Mir-130	Vertebrata	6	E.burgeri
Eptatretus_burgeri	Mir-132	Vertebrata	2	E.burgeri
Eptatretus_burgeri	Mir-133	Bilateria	6	E.burgeri
Eptatretus_burgeri	Mir-135	Chordata	3	E.burgeri
Eptatretus_burgeri	Mir-137	Bilateria	1	E.burgeri
Eptatretus_burgeri	Mir-138	Vertebrata	2	E.burgeri
Eptatretus_burgeri	Mir-140	Vertebrata	2	E.burgeri
Eptatretus_burgeri	Mir-142	Vertebrata	1	E.burgeri
Eptatretus_burgeri	Mir-143	Vertebrata	1	E.burgeri
Eptatretus_burgeri	Mir-144	Vertebrata	1	E.burgeri
Eptatretus_burgeri	Mir-145	Vertebrata	1	E.burgeri
Eptatretus_burgeri	Mir-146	Vertebrata	1	E.burgeri
Eptatretus_burgeri	Mir-148	Vertebrata	1	E.burgeri
Eptatretus_burgeri	Mir-15	Olfactores	2	E.burgeri
Eptatretus_burgeri	Mir-153	Bilateria	3	E.burgeri
Eptatretus_burgeri	Mir-155	Vertebrata	1	E.burgeri
Eptatretus_burgeri	Mir-17	Vertebrata	5	E.burgeri
Eptatretus_burgeri	Mir-1788	Vertebrata	1	E.burgeri
Eptatretus_burgeri	Mir-181	Vertebrata	4	E.burgeri
Eptatretus_burgeri	Mir-19	Vertebrata	2	E.burgeri
Eptatretus_burgeri	Mir-190	Bilateria	2	E.burgeri
Eptatretus_burgeri	Mir-192	Vertebrata	1	E.burgeri
Eptatretus_burgeri	Mir-193	Bilateria	1	E.burgeri
Eptatretus_burgeri	Mir-194	Vertebrata	1	E.burgeri
Eptatretus_burgeri	Mir-196	Olfactores	2	E.burgeri
Eptatretus_burgeri	Mir-199	Vertebrata	2	E.burgeri
Eptatretus_burgeri	Mir-202	Vertebrata	1	E.burgeri
Eptatretus_burgeri	Mir-203	Vertebrata	2	E.burgeri
Eptatretus_burgeri	Mir-204	Vertebrata	1	E.burgeri
Eptatretus_burgeri	Mir-205	Vertebrata	2	E.burgeri
Eptatretus_burgeri	Mir-208	Vertebrata	1	E.burgeri
Eptatretus_burgeri	Mir-21	Vertebrata	1	E.burgeri
Eptatretus_burgeri	Mir-210	Bilateria	1	E.burgeri
Eptatretus_burgeri	Mir-216	Bilateria	2	E.burgeri
Eptatretus_burgeri	Mir-217	Chordata	2	E.burgeri
Eptatretus_burgeri	Mir-218	Vertebrata	2	E.burgeri
Eptatretus_burgeri	Mir-219	Bilateria	1	E.burgeri
Eptatretus_burgeri	Mir-22	Bilateria	1	E.burgeri
Eptatretus_burgeri	Mir-221	Vertebrata	1	E.burgeri
Eptatretus_burgeri	Mir-223	Vertebrata	1	E.burgeri
Eptatretus_burgeri	Mir-23	Vertebrata	2	E.burgeri
Eptatretus_burgeri	Mir-24	Vertebrata	1	E.burgeri
Eptatretus_burgeri	Mir-26	Vertebrata	3	E.burgeri
Eptatretus_burgeri	Mir-27	Vertebrata	2	E.burgeri
Eptatretus_burgeri	Mir-281	Bilateria	1	E.burgeri
Eptatretus_burgeri	Mir-29	Bilateria	4	E.burgeri
Eptatretus_burgeri	Mir-30	Vertebrata	6	E.burgeri
Eptatretus_burgeri	Mir-31	Bilateria	1	E.burgeri
Eptatretus_burgeri	Mir-33	Bilateria	1	E.burgeri
Eptatretus_burgeri	Mir-338	Vertebrata	3	E.burgeri
Eptatretus_burgeri	Mir-34	Bilateria	3	E.burgeri
Eptatretus_burgeri	Mir-375	Bilateria	2	E.burgeri
Eptatretus_burgeri	Mir-451	Vertebrata	1	E.burgeri
Eptatretus_burgeri	Mir-455	Vertebrata	1	E.burgeri
Eptatretus_burgeri	Mir-456	Vertebrata	1	E.burgeri
Eptatretus_burgeri	Mir-459	Vertebrata	1	E.burgeri
Eptatretus_burgeri	Mir-499	Vertebrata	1	E.burgeri
Eptatretus_burgeri	Mir-7	Bilateria	4	E.burgeri
Eptatretus_burgeri	Mir-8	Bilateria	3	E.burgeri
Eptatretus_burgeri	Mir-875	Vertebrata	1	E.burgeri
Eptatretus_burgeri	Mir-9	Bilateria	4	E.burgeri
Eptatretus_burgeri	Mir-92	Bilateria	4	E.burgeri
Eptatretus_burgeri	Mir-96	Bilateria	3	E.burgeri
Gadus_morhua	Let-7	Bilateria	20	G.morhua
Gadus_morhua	Mir-1	Bilateria	3	G.morhua
Gadus_morhua	Mir-10	Eumetazoa	13	G.morhua
Gadus_morhua	Mir-101	Vertebrata	2	G.morhua
Gadus_morhua	Mir-103	Deuterostomia	2	G.morhua
Gadus_morhua	Mir-122	Vertebrata	1	G.morhua
Gadus_morhua	Mir-124	Bilateria	5	G.morhua
Gadus_morhua	Mir-126	Olfactores	1	G.morhua
Gadus_morhua	Mir-128	Vertebrata	3	G.morhua
Gadus_morhua	Mir-129	Chordata	4	G.morhua
Gadus_morhua	Mir-130	Vertebrata	6	G.morhua
Gadus_morhua	Mir-1306	Gnathostomata	1	G.morhua
Gadus_morhua	Mir-132	Vertebrata	4	G.morhua
Gadus_morhua	Mir-133	Bilateria	3	G.morhua
Gadus_morhua	Mir-135	Chordata	5	G.morhua
Gadus_morhua	Mir-137	Bilateria	3	G.morhua
Gadus_morhua	Mir-138	Vertebrata	3	G.morhua
Gadus_morhua	Mir-1388	Gnathostomata	1	G.morhua
Gadus_morhua	Mir-139	Gnathostomata	1	G.morhua
Gadus_morhua	Mir-140	Vertebrata	1	G.morhua
Gadus_morhua	Mir-142	Vertebrata	2	G.morhua
Gadus_morhua	Mir-143	Vertebrata	1	G.morhua
Gadus_morhua	Mir-144	Vertebrata	1	G.morhua
Gadus_morhua	Mir-145	Vertebrata	1	G.morhua
Gadus_morhua	Mir-146	Vertebrata	1	G.morhua
Gadus_morhua	Mir-148	Vertebrata	2	G.morhua
Gadus_morhua	Mir-15	Olfactores	4	G.morhua
Gadus_morhua	Mir-150	Gnathostomata	1	G.morhua
Gadus_morhua	Mir-153	Bilateria	3	G.morhua
Gadus_morhua	Mir-155	Vertebrata	1	G.morhua
Gadus_morhua	Mir-17	Vertebrata	10	G.morhua
Gadus_morhua	Mir-1788	Vertebrata	1	G.morhua
Gadus_morhua	Mir-181	Vertebrata	8	G.morhua
Gadus_morhua	Mir-184	Bilateria	2	G.morhua
Gadus_morhua	Mir-187	Osteichthyes	1	G.morhua
Gadus_morhua	Mir-19	Vertebrata	6	G.morhua
Gadus_morhua	Mir-190	Bilateria	3	G.morhua
Gadus_morhua	Mir-191	Gnathostomata	1	G.morhua
Gadus_morhua	Mir-192	Vertebrata	1	G.morhua
Gadus_morhua	Mir-193	Bilateria	2	G.morhua
Gadus_morhua	Mir-194	Vertebrata	2	G.morhua
Gadus_morhua	Mir-196	Olfactores	3	G.morhua
Gadus_morhua	Mir-199	Vertebrata	4	G.morhua
Gadus_morhua	Mir-202	Vertebrata	1	G.morhua
Gadus_morhua	Mir-203	Vertebrata	2	G.morhua
Gadus_morhua	Mir-204	Vertebrata	3	G.morhua
Gadus_morhua	Mir-205	Vertebrata	2	G.morhua
Gadus_morhua	Mir-208	Vertebrata	1	G.morhua
Gadus_morhua	Mir-21	Vertebrata	2	G.morhua
Gadus_morhua	Mir-210	Bilateria	1	G.morhua
Gadus_morhua	Mir-214	Gnathostomata	2	G.morhua
Gadus_morhua	Mir-216	Bilateria	2	G.morhua
Gadus_morhua	Mir-217	Chordata	1	G.morhua
Gadus_morhua	Mir-218	Vertebrata	3	G.morhua
Gadus_morhua	Mir-2184	Gnathostomata	1	G.morhua
Gadus_morhua	Mir-2188	Gnathostomata	1	G.morhua
Gadus_morhua	Mir-219	Bilateria	3	G.morhua
Gadus_morhua	Mir-22	Bilateria	3	G.morhua
Gadus_morhua	Mir-221	Vertebrata	4	G.morhua
Gadus_morhua	Mir-223	Vertebrata	1	G.morhua
Gadus_morhua	Mir-23	Vertebrata	4	G.morhua
Gadus_morhua	Mir-24	Vertebrata	5	G.morhua
Gadus_morhua	Mir-26	Vertebrata	5	G.morhua
Gadus_morhua	Mir-27	Vertebrata	5	G.morhua
Gadus_morhua	Mir-29	Bilateria	8	G.morhua
Gadus_morhua	Mir-30	Vertebrata	6	G.morhua
Gadus_morhua	Mir-31	Bilateria	1	G.morhua
Gadus_morhua	Mir-33	Bilateria	2	G.morhua
Gadus_morhua	Mir-338	Vertebrata	3	G.morhua
Gadus_morhua	Mir-34	Bilateria	2	G.morhua
Gadus_morhua	Mir-375	Bilateria	1	G.morhua
Gadus_morhua	Mir-425	Gnathostomata	1	G.morhua
Gadus_morhua	Mir-455	Vertebrata	2	G.morhua
Gadus_morhua	Mir-456	Vertebrata	1	G.morhua
Gadus_morhua	Mir-458	Osteichthyes	1	G.morhua
Gadus_morhua	Mir-459	Vertebrata	1	G.morhua
Gadus_morhua	Mir-460	Osteichthyes	2	G.morhua
Gadus_morhua	Mir-489	Osteichthyes	1	G.morhua
Gadus_morhua	Mir-499	Vertebrata	1	G.morhua
Gadus_morhua	Mir-551	Vertebrata	1	G.morhua
Gadus_morhua	Mir-7	Bilateria	5	G.morhua
Gadus_morhua	Mir-722	Osteichthyes	2	G.morhua
Gadus_morhua	Mir-725	Gnathostomata	1	G.morhua
Gadus_morhua	Mir-727	Osteichthyes	2	G.morhua
Gadus_morhua	Mir-737	Osteichthyes	1	G.morhua
Gadus_morhua	Mir-8	Bilateria	3	G.morhua
Gadus_morhua	Mir-9	Bilateria	7	G.morhua
Gadus_morhua	Mir-92	Bilateria	3	G.morhua
Gadus_morhua	Mir-96	Bilateria	3	G.morhua
Latimeria_chalumnae	Let-7	Bilateria	14	L.chalumne
Latimeria_chalumnae	Mir-1	Bilateria	4	L.chalumne
Latimeria_chalumnae	Mir-10	Eumetazoa	10	L.chalumne
Latimeria_chalumnae	Mir-101	Vertebrata	2	L.chalumne
Latimeria_chalumnae	Mir-103	Deuterostomia	4	L.chalumne
Latimeria_chalumnae	Mir-122	Vertebrata	1	L.chalumne
Latimeria_chalumnae	Mir-124	Bilateria	4	L.chalumne
Latimeria_chalumnae	Mir-126	Olfactores	1	L.chalumne
Latimeria_chalumnae	Mir-128	Vertebrata	3	L.chalumne
Latimeria_chalumnae	Mir-129	Chordata	3	L.chalumne
Latimeria_chalumnae	Mir-130	Vertebrata	11	L.chalumne
Latimeria_chalumnae	Mir-1306	Gnathostomata	1	L.chalumne
Latimeria_chalumnae	Mir-132	Vertebrata	2	L.chalumne
Latimeria_chalumnae	Mir-1329	Vertebrata	1	L.chalumne
Latimeria_chalumnae	Mir-133	Bilateria	5	L.chalumne
Latimeria_chalumnae	Mir-135	Chordata	3	L.chalumne
Latimeria_chalumnae	Mir-137	Bilateria	2	L.chalumne
Latimeria_chalumnae	Mir-138	Vertebrata	2	L.chalumne
Latimeria_chalumnae	Mir-1388	Gnathostomata	1	L.chalumne
Latimeria_chalumnae	Mir-139	Gnathostomata	1	L.chalumne
Latimeria_chalumnae	Mir-140	Vertebrata	2	L.chalumne
Latimeria_chalumnae	Mir-142	Vertebrata	2	L.chalumne
Latimeria_chalumnae	Mir-143	Vertebrata	1	L.chalumne
Latimeria_chalumnae	Mir-144	Vertebrata	1	L.chalumne
Latimeria_chalumnae	Mir-145	Vertebrata	1	L.chalumne
Latimeria_chalumnae	Mir-146	Vertebrata	3	L.chalumne
Latimeria_chalumnae	Mir-147	Vertebrata	1	L.chalumne
Latimeria_chalumnae	Mir-148	Vertebrata	2	L.chalumne
Latimeria_chalumnae	Mir-15	Olfactores	8	L.chalumne
Latimeria_chalumnae	Mir-150	Gnathostomata	1	L.chalumne
Latimeria_chalumnae	Mir-153	Bilateria	2	L.chalumne
Latimeria_chalumnae	Mir-155	Vertebrata	1	L.chalumne
Latimeria_chalumnae	Mir-17	Vertebrata	8	L.chalumne
Latimeria_chalumnae	Mir-1788	Vertebrata	1	L.chalumne
Latimeria_chalumnae	Mir-181	Vertebrata	6	L.chalumne
Latimeria_chalumnae	Mir-184	Bilateria	1	L.chalumne
Latimeria_chalumnae	Mir-187	Osteichthyes	1	L.chalumne
Latimeria_chalumnae	Mir-19	Vertebrata	4	L.chalumne
Latimeria_chalumnae	Mir-190	Bilateria	2	L.chalumne
Latimeria_chalumnae	Mir-192	Vertebrata	1	L.chalumne
Latimeria_chalumnae	Mir-193	Bilateria	4	L.chalumne
Latimeria_chalumnae	Mir-194	Vertebrata	2	L.chalumne
Latimeria_chalumnae	Mir-196	Olfactores	3	L.chalumne
Latimeria_chalumnae	Mir-199	Vertebrata	3	L.chalumne
Latimeria_chalumnae	Mir-202	Vertebrata	1	L.chalumne
Latimeria_chalumnae	Mir-203	Vertebrata	1	L.chalumne
Latimeria_chalumnae	Mir-204	Vertebrata	3	L.chalumne
Latimeria_chalumnae	Mir-205	Vertebrata	2	L.chalumne
Latimeria_chalumnae	Mir-208	Vertebrata	2	L.chalumne
Latimeria_chalumnae	Mir-21	Vertebrata	2	L.chalumne
Latimeria_chalumnae	Mir-210	Bilateria	1	L.chalumne
Latimeria_chalumnae	Mir-214	Gnathostomata	1	L.chalumne
Latimeria_chalumnae	Mir-216	Bilateria	2	L.chalumne
Latimeria_chalumnae	Mir-217	Chordata	1	L.chalumne
Latimeria_chalumnae	Mir-218	Vertebrata	3	L.chalumne
Latimeria_chalumnae	Mir-2184	Gnathostomata	1	L.chalumne
Latimeria_chalumnae	Mir-2188	Gnathostomata	1	L.chalumne
Latimeria_chalumnae	Mir-219	Bilateria	2	L.chalumne
Latimeria_chalumnae	Mir-22	Bilateria	2	L.chalumne
Latimeria_chalumnae	Mir-221	Vertebrata	3	L.chalumne
Latimeria_chalumnae	Mir-223	Vertebrata	1	L.chalumne
Latimeria_chalumnae	Mir-23	Vertebrata	4	L.chalumne
Latimeria_chalumnae	Mir-24	Vertebrata	4	L.chalumne
Latimeria_chalumnae	Mir-26	Vertebrata	3	L.chalumne
Latimeria_chalumnae	Mir-27	Vertebrata	4	L.chalumne
Latimeria_chalumnae	Mir-29	Bilateria	5	L.chalumne
Latimeria_chalumnae	Mir-2970	Sarcopterygii	1	L.chalumne
Latimeria_chalumnae	Mir-30	Vertebrata	6	L.chalumne
Latimeria_chalumnae	Mir-31	Bilateria	1	L.chalumne
Latimeria_chalumnae	Mir-32	Gnathostomata	1	L.chalumne
Latimeria_chalumnae	Mir-33	Bilateria	2	L.chalumne
Latimeria_chalumnae	Mir-338	Vertebrata	2	L.chalumne
Latimeria_chalumnae	Mir-34	Bilateria	7	L.chalumne
Latimeria_chalumnae	Mir-375	Bilateria	1	L.chalumne
Latimeria_chalumnae	Mir-451	Vertebrata	1	L.chalumne
Latimeria_chalumnae	Mir-455	Vertebrata	1	L.chalumne
Latimeria_chalumnae	Mir-456	Vertebrata	1	L.chalumne
Latimeria_chalumnae	Mir-458	Osteichthyes	1	L.chalumne
Latimeria_chalumnae	Mir-460	Osteichthyes	2	L.chalumne
Latimeria_chalumnae	Mir-489	Osteichthyes	1	L.chalumne
Latimeria_chalumnae	Mir-499	Vertebrata	1	L.chalumne
Latimeria_chalumnae	Mir-551	Vertebrata	2	L.chalumne
Latimeria_chalumnae	Mir-599	Sarcopterygii	1	L.chalumne
Latimeria_chalumnae	Mir-7	Bilateria	4	L.chalumne
Latimeria_chalumnae	Mir-7147	Osteichthyes	1	L.chalumne
Latimeria_chalumnae	Mir-722	Osteichthyes	1	L.chalumne
Latimeria_chalumnae	Mir-725	Gnathostomata	1	L.chalumne
Latimeria_chalumnae	Mir-737	Osteichthyes	1	L.chalumne
Latimeria_chalumnae	Mir-8	Bilateria	4	L.chalumne
Latimeria_chalumnae	Mir-875	Vertebrata	1	L.chalumne
Latimeria_chalumnae	Mir-9	Bilateria	4	L.chalumne
Latimeria_chalumnae	Mir-92	Bilateria	6	L.chalumne
Latimeria_chalumnae	Mir-96	Bilateria	3	L.chalumne
Lepisosteus_oculatus	Let-7	Bilateria	14	L.oculatus
Lepisosteus_oculatus	Mir-1	Bilateria	3	L.oculatus
Lepisosteus_oculatus	Mir-10	Eumetazoa	8	L.oculatus
Lepisosteus_oculatus	Mir-101	Vertebrata	2	L.oculatus
Lepisosteus_oculatus	Mir-103	Deuterostomia	3	L.oculatus
Lepisosteus_oculatus	Mir-122	Vertebrata	1	L.oculatus
Lepisosteus_oculatus	Mir-124	Bilateria	4	L.oculatus
Lepisosteus_oculatus	Mir-126	Olfactores	1	L.oculatus
Lepisosteus_oculatus	Mir-128	Vertebrata	2	L.oculatus
Lepisosteus_oculatus	Mir-129	Chordata	2	L.oculatus
Lepisosteus_oculatus	Mir-130	Vertebrata	6	L.oculatus
Lepisosteus_oculatus	Mir-1306	Gnathostomata	1	L.oculatus
Lepisosteus_oculatus	Mir-132	Vertebrata	2	L.oculatus
Lepisosteus_oculatus	Mir-133	Bilateria	3	L.oculatus
Lepisosteus_oculatus	Mir-135	Chordata	3	L.oculatus
Lepisosteus_oculatus	Mir-137	Bilateria	2	L.oculatus
Lepisosteus_oculatus	Mir-138	Vertebrata	2	L.oculatus
Lepisosteus_oculatus	Mir-1388	Gnathostomata	1	L.oculatus
Lepisosteus_oculatus	Mir-139	Gnathostomata	1	L.oculatus
Lepisosteus_oculatus	Mir-140	Vertebrata	1	L.oculatus
Lepisosteus_oculatus	Mir-142	Vertebrata	1	L.oculatus
Lepisosteus_oculatus	Mir-143	Vertebrata	1	L.oculatus
Lepisosteus_oculatus	Mir-144	Vertebrata	1	L.oculatus
Lepisosteus_oculatus	Mir-145	Vertebrata	1	L.oculatus
Lepisosteus_oculatus	Mir-146	Vertebrata	2	L.oculatus
Lepisosteus_oculatus	Mir-147	Vertebrata	1	L.oculatus
Lepisosteus_oculatus	Mir-148	Vertebrata	4	L.oculatus
Lepisosteus_oculatus	Mir-15	Olfactores	8	L.oculatus
Lepisosteus_oculatus	Mir-150	Gnathostomata	1	L.oculatus
Lepisosteus_oculatus	Mir-153	Bilateria	2	L.oculatus
Lepisosteus_oculatus	Mir-155	Vertebrata	1	L.oculatus
Lepisosteus_oculatus	Mir-17	Vertebrata	8	L.oculatus
Lepisosteus_oculatus	Mir-1788	Vertebrata	1	L.oculatus
Lepisosteus_oculatus	Mir-181	Vertebrata	6	L.oculatus
Lepisosteus_oculatus	Mir-184	Bilateria	1	L.oculatus
Lepisosteus_oculatus	Mir-187	Osteichthyes	1	L.oculatus
Lepisosteus_oculatus	Mir-19	Vertebrata	3	L.oculatus
Lepisosteus_oculatus	Mir-190	Bilateria	1	L.oculatus
Lepisosteus_oculatus	Mir-191	Gnathostomata	1	L.oculatus
Lepisosteus_oculatus	Mir-192	Vertebrata	1	L.oculatus
Lepisosteus_oculatus	Mir-193	Bilateria	4	L.oculatus
Lepisosteus_oculatus	Mir-194	Vertebrata	1	L.oculatus
Lepisosteus_oculatus	Mir-196	Olfactores	3	L.oculatus
Lepisosteus_oculatus	Mir-199	Vertebrata	3	L.oculatus
Lepisosteus_oculatus	Mir-202	Vertebrata	1	L.oculatus
Lepisosteus_oculatus	Mir-203	Vertebrata	1	L.oculatus
Lepisosteus_oculatus	Mir-204	Vertebrata	2	L.oculatus
Lepisosteus_oculatus	Mir-205	Vertebrata	2	L.oculatus
Lepisosteus_oculatus	Mir-208	Vertebrata	3	L.oculatus
Lepisosteus_oculatus	Mir-21	Vertebrata	1	L.oculatus
Lepisosteus_oculatus	Mir-210	Bilateria	1	L.oculatus
Lepisosteus_oculatus	Mir-214	Gnathostomata	1	L.oculatus
Lepisosteus_oculatus	Mir-216	Bilateria	2	L.oculatus
Lepisosteus_oculatus	Mir-217	Chordata	1	L.oculatus
Lepisosteus_oculatus	Mir-218	Vertebrata	3	L.oculatus
Lepisosteus_oculatus	Mir-2184	Gnathostomata	1	L.oculatus
Lepisosteus_oculatus	Mir-2188	Gnathostomata	1	L.oculatus
Lepisosteus_oculatus	Mir-219	Bilateria	1	L.oculatus
Lepisosteus_oculatus	Mir-22	Bilateria	2	L.oculatus
Lepisosteus_oculatus	Mir-221	Vertebrata	3	L.oculatus
Lepisosteus_oculatus	Mir-223	Vertebrata	1	L.oculatus
Lepisosteus_oculatus	Mir-23	Vertebrata	3	L.oculatus
Lepisosteus_oculatus	Mir-24	Vertebrata	4	L.oculatus
Lepisosteus_oculatus	Mir-26	Vertebrata	3	L.oculatus
Lepisosteus_oculatus	Mir-27	Vertebrata	4	L.oculatus
Lepisosteus_oculatus	Mir-29	Bilateria	5	L.oculatus
Lepisosteus_oculatus	Mir-30	Vertebrata	6	L.oculatus
Lepisosteus_oculatus	Mir-31	Bilateria	2	L.oculatus
Lepisosteus_oculatus	Mir-33	Bilateria	2	L.oculatus
Lepisosteus_oculatus	Mir-338	Vertebrata	2	L.oculatus
Lepisosteus_oculatus	Mir-34	Bilateria	8	L.oculatus
Lepisosteus_oculatus	Mir-375	Bilateria	1	L.oculatus
Lepisosteus_oculatus	Mir-425	Gnathostomata	1	L.oculatus
Lepisosteus_oculatus	Mir-451	Vertebrata	1	L.oculatus
Lepisosteus_oculatus	Mir-455	Vertebrata	1	L.oculatus
Lepisosteus_oculatus	Mir-456	Vertebrata	1	L.oculatus
Lepisosteus_oculatus	Mir-458	Osteichthyes	1	L.oculatus
Lepisosteus_oculatus	Mir-459	Vertebrata	1	L.oculatus
Lepisosteus_oculatus	Mir-460	Osteichthyes	2	L.oculatus
Lepisosteus_oculatus	Mir-489	Osteichthyes	1	L.oculatus
Lepisosteus_oculatus	Mir-499	Vertebrata	1	L.oculatus
Lepisosteus_oculatus	Mir-551	Vertebrata	2	L.oculatus
Lepisosteus_oculatus	Mir-7	Bilateria	4	L.oculatus
Lepisosteus_oculatus	Mir-7147	Osteichthyes	1	L.oculatus
Lepisosteus_oculatus	Mir-722	Osteichthyes	1	L.oculatus
Lepisosteus_oculatus	Mir-725	Gnathostomata	1	L.oculatus
Lepisosteus_oculatus	Mir-726	Osteichthyes	1	L.oculatus
Lepisosteus_oculatus	Mir-727	Osteichthyes	2	L.oculatus
Lepisosteus_oculatus	Mir-737	Osteichthyes	1	L.oculatus
Lepisosteus_oculatus	Mir-8	Bilateria	3	L.oculatus
Lepisosteus_oculatus	Mir-9	Bilateria	3	L.oculatus
Lepisosteus_oculatus	Mir-92	Bilateria	3	L.oculatus
Lepisosteus_oculatus	Mir-96	Bilateria	3	L.oculatus
Microcaecilia_unicolor	Let-7	Bilateria	15	M.unicolor
Microcaecilia_unicolor	Mir-1	Bilateria	4	M.unicolor
Microcaecilia_unicolor	Mir-10	Eumetazoa	12	M.unicolor
Microcaecilia_unicolor	Mir-101	Vertebrata	4	M.unicolor
Microcaecilia_unicolor	Mir-103	Deuterostomia	3	M.unicolor
Microcaecilia_unicolor	Mir-122	Vertebrata	1	M.unicolor
Microcaecilia_unicolor	Mir-124	Bilateria	8	M.unicolor
Microcaecilia_unicolor	Mir-126	Olfactores	1	M.unicolor
Microcaecilia_unicolor	Mir-128	Vertebrata	2	M.unicolor
Microcaecilia_unicolor	Mir-129	Chordata	3	M.unicolor
Microcaecilia_unicolor	Mir-130	Vertebrata	7	M.unicolor
Microcaecilia_unicolor	Mir-1306	Gnathostomata	1	M.unicolor
Microcaecilia_unicolor	Mir-132	Vertebrata	2	M.unicolor
Microcaecilia_unicolor	Mir-1329	Vertebrata	1	M.unicolor
Microcaecilia_unicolor	Mir-133	Bilateria	5	M.unicolor
Microcaecilia_unicolor	Mir-135	Chordata	3	M.unicolor
Microcaecilia_unicolor	Mir-137	Bilateria	2	M.unicolor
Microcaecilia_unicolor	Mir-138	Vertebrata	1	M.unicolor
Microcaecilia_unicolor	Mir-1388	Gnathostomata	1	M.unicolor
Microcaecilia_unicolor	Mir-139	Gnathostomata	1	M.unicolor
Microcaecilia_unicolor	Mir-140	Vertebrata	1	M.unicolor
Microcaecilia_unicolor	Mir-142	Vertebrata	1	M.unicolor
Microcaecilia_unicolor	Mir-143	Vertebrata	1	M.unicolor
Microcaecilia_unicolor	Mir-144	Vertebrata	1	M.unicolor
Microcaecilia_unicolor	Mir-145	Vertebrata	1	M.unicolor
Microcaecilia_unicolor	Mir-146	Vertebrata	3	M.unicolor
Microcaecilia_unicolor	Mir-148	Vertebrata	2	M.unicolor
Microcaecilia_unicolor	Mir-15	Olfactores	6	M.unicolor
Microcaecilia_unicolor	Mir-150	Gnathostomata	1	M.unicolor
Microcaecilia_unicolor	Mir-153	Bilateria	2	M.unicolor
Microcaecilia_unicolor	Mir-155	Vertebrata	1	M.unicolor
Microcaecilia_unicolor	Mir-1662	Tetrapoda	1	M.unicolor
Microcaecilia_unicolor	Mir-17	Vertebrata	7	M.unicolor
Microcaecilia_unicolor	Mir-1788	Vertebrata	1	M.unicolor
Microcaecilia_unicolor	Mir-181	Vertebrata	6	M.unicolor
Microcaecilia_unicolor	Mir-187	Osteichthyes	1	M.unicolor
Microcaecilia_unicolor	Mir-19	Vertebrata	4	M.unicolor
Microcaecilia_unicolor	Mir-190	Bilateria	1	M.unicolor
Microcaecilia_unicolor	Mir-191	Gnathostomata	1	M.unicolor
Microcaecilia_unicolor	Mir-192	Vertebrata	2	M.unicolor
Microcaecilia_unicolor	Mir-193	Bilateria	4	M.unicolor
Microcaecilia_unicolor	Mir-194	Vertebrata	2	M.unicolor
Microcaecilia_unicolor	Mir-196	Olfactores	2	M.unicolor
Microcaecilia_unicolor	Mir-199	Vertebrata	2	M.unicolor
Microcaecilia_unicolor	Mir-202	Vertebrata	1	M.unicolor
Microcaecilia_unicolor	Mir-203	Vertebrata	1	M.unicolor
Microcaecilia_unicolor	Mir-204	Vertebrata	3	M.unicolor
Microcaecilia_unicolor	Mir-205	Vertebrata	2	M.unicolor
Microcaecilia_unicolor	Mir-208	Vertebrata	1	M.unicolor
Microcaecilia_unicolor	Mir-21	Vertebrata	1	M.unicolor
Microcaecilia_unicolor	Mir-210	Bilateria	1	M.unicolor
Microcaecilia_unicolor	Mir-214	Gnathostomata	1	M.unicolor
Microcaecilia_unicolor	Mir-216	Bilateria	1	M.unicolor
Microcaecilia_unicolor	Mir-217	Chordata	2	M.unicolor
Microcaecilia_unicolor	Mir-218	Vertebrata	1	M.unicolor
Microcaecilia_unicolor	Mir-2184	Gnathostomata	1	M.unicolor
Microcaecilia_unicolor	Mir-2188	Gnathostomata	1	M.unicolor
Microcaecilia_unicolor	Mir-219	Bilateria	3	M.unicolor
Microcaecilia_unicolor	Mir-22	Bilateria	1	M.unicolor
Microcaecilia_unicolor	Mir-221	Vertebrata	4	M.unicolor
Microcaecilia_unicolor	Mir-223	Vertebrata	1	M.unicolor
Microcaecilia_unicolor	Mir-23	Vertebrata	3	M.unicolor
Microcaecilia_unicolor	Mir-24	Vertebrata	2	M.unicolor
Microcaecilia_unicolor	Mir-26	Vertebrata	3	M.unicolor
Microcaecilia_unicolor	Mir-27	Vertebrata	1	M.unicolor
Microcaecilia_unicolor	Mir-29	Bilateria	5	M.unicolor
Microcaecilia_unicolor	Mir-2970	Sarcopterygii	1	M.unicolor
Microcaecilia_unicolor	Mir-30	Vertebrata	6	M.unicolor
Microcaecilia_unicolor	Mir-31	Bilateria	1	M.unicolor
Microcaecilia_unicolor	Mir-32	Gnathostomata	1	M.unicolor
Microcaecilia_unicolor	Mir-33	Bilateria	2	M.unicolor
Microcaecilia_unicolor	Mir-338	Vertebrata	2	M.unicolor
Microcaecilia_unicolor	Mir-34	Bilateria	5	M.unicolor
Microcaecilia_unicolor	Mir-375	Bilateria	2	M.unicolor
Microcaecilia_unicolor	Mir-383	Tetrapoda	1	M.unicolor
Microcaecilia_unicolor	Mir-425	Gnathostomata	1	M.unicolor
Microcaecilia_unicolor	Mir-451	Vertebrata	1	M.unicolor
Microcaecilia_unicolor	Mir-455	Vertebrata	1	M.unicolor
Microcaecilia_unicolor	Mir-456	Vertebrata	1	M.unicolor
Microcaecilia_unicolor	Mir-458	Osteichthyes	1	M.unicolor
Microcaecilia_unicolor	Mir-459	Vertebrata	1	M.unicolor
Microcaecilia_unicolor	Mir-460	Osteichthyes	2	M.unicolor
Microcaecilia_unicolor	Mir-489	Osteichthyes	1	M.unicolor
Microcaecilia_unicolor	Mir-499	Vertebrata	1	M.unicolor
Microcaecilia_unicolor	Mir-551	Vertebrata	1	M.unicolor
Microcaecilia_unicolor	Mir-599	Sarcopterygii	1	M.unicolor
Microcaecilia_unicolor	Mir-7	Bilateria	7	M.unicolor
Microcaecilia_unicolor	Mir-737	Osteichthyes	1	M.unicolor
Microcaecilia_unicolor	Mir-8	Bilateria	3	M.unicolor
Microcaecilia_unicolor	Mir-875	Vertebrata	1	M.unicolor
Microcaecilia_unicolor	Mir-9	Bilateria	4	M.unicolor
Microcaecilia_unicolor	Mir-92	Bilateria	5	M.unicolor
Microcaecilia_unicolor	Mir-96	Bilateria	4	M.unicolor
Monopterus_albus	Let-7	Bilateria	20	M.albus
Monopterus_albus	Mir-1	Bilateria	3	M.albus
Monopterus_albus	Mir-10	Eumetazoa	14	M.albus
Monopterus_albus	Mir-101	Vertebrata	2	M.albus
Monopterus_albus	Mir-103	Deuterostomia	4	M.albus
Monopterus_albus	Mir-122	Vertebrata	1	M.albus
Monopterus_albus	Mir-124	Bilateria	6	M.albus
Monopterus_albus	Mir-126	Olfactores	1	M.albus
Monopterus_albus	Mir-128	Vertebrata	2	M.albus
Monopterus_albus	Mir-129	Chordata	4	M.albus
Monopterus_albus	Mir-130	Vertebrata	7	M.albus
Monopterus_albus	Mir-1306	Gnathostomata	1	M.albus
Monopterus_albus	Mir-132	Vertebrata	4	M.albus
Monopterus_albus	Mir-133	Bilateria	3	M.albus
Monopterus_albus	Mir-135	Chordata	5	M.albus
Monopterus_albus	Mir-137	Bilateria	3	M.albus
Monopterus_albus	Mir-138	Vertebrata	3	M.albus
Monopterus_albus	Mir-1388	Gnathostomata	1	M.albus
Monopterus_albus	Mir-139	Gnathostomata	1	M.albus
Monopterus_albus	Mir-140	Vertebrata	1	M.albus
Monopterus_albus	Mir-142	Vertebrata	2	M.albus
Monopterus_albus	Mir-143	Vertebrata	1	M.albus
Monopterus_albus	Mir-144	Vertebrata	1	M.albus
Monopterus_albus	Mir-145	Vertebrata	1	M.albus
Monopterus_albus	Mir-146	Vertebrata	1	M.albus
Monopterus_albus	Mir-148	Vertebrata	2	M.albus
Monopterus_albus	Mir-15	Olfactores	6	M.albus
Monopterus_albus	Mir-150	Gnathostomata	1	M.albus
Monopterus_albus	Mir-153	Bilateria	4	M.albus
Monopterus_albus	Mir-155	Vertebrata	1	M.albus
Monopterus_albus	Mir-17	Vertebrata	12	M.albus
Monopterus_albus	Mir-1788	Vertebrata	1	M.albus
Monopterus_albus	Mir-181	Vertebrata	8	M.albus
Monopterus_albus	Mir-184	Bilateria	2	M.albus
Monopterus_albus	Mir-187	Osteichthyes	1	M.albus
Monopterus_albus	Mir-19	Vertebrata	5	M.albus
Monopterus_albus	Mir-190	Bilateria	3	M.albus
Monopterus_albus	Mir-191	Gnathostomata	1	M.albus
Monopterus_albus	Mir-192	Vertebrata	1	M.albus
Monopterus_albus	Mir-193	Bilateria	2	M.albus
Monopterus_albus	Mir-194	Vertebrata	2	M.albus
Monopterus_albus	Mir-196	Olfactores	4	M.albus
Monopterus_albus	Mir-199	Vertebrata	4	M.albus
Monopterus_albus	Mir-202	Vertebrata	1	M.albus
Monopterus_albus	Mir-203	Vertebrata	2	M.albus
Monopterus_albus	Mir-204	Vertebrata	2	M.albus
Monopterus_albus	Mir-205	Vertebrata	3	M.albus
Monopterus_albus	Mir-208	Vertebrata	1	M.albus
Monopterus_albus	Mir-21	Vertebrata	2	M.albus
Monopterus_albus	Mir-210	Bilateria	1	M.albus
Monopterus_albus	Mir-214	Gnathostomata	2	M.albus
Monopterus_albus	Mir-216	Bilateria	2	M.albus
Monopterus_albus	Mir-217	Chordata	1	M.albus
Monopterus_albus	Mir-218	Vertebrata	3	M.albus
Monopterus_albus	Mir-2184	Gnathostomata	2	M.albus
Monopterus_albus	Mir-2188	Gnathostomata	1	M.albus
Monopterus_albus	Mir-219	Bilateria	4	M.albus
Monopterus_albus	Mir-22	Bilateria	3	M.albus
Monopterus_albus	Mir-221	Vertebrata	4	M.albus
Monopterus_albus	Mir-223	Vertebrata	1	M.albus
Monopterus_albus	Mir-23	Vertebrata	5	M.albus
Monopterus_albus	Mir-24	Vertebrata	2	M.albus
Monopterus_albus	Mir-26	Vertebrata	5	M.albus
Monopterus_albus	Mir-27	Vertebrata	6	M.albus
Monopterus_albus	Mir-29	Bilateria	7	M.albus
Monopterus_albus	Mir-30	Vertebrata	6	M.albus
Monopterus_albus	Mir-31	Bilateria	1	M.albus
Monopterus_albus	Mir-33	Bilateria	3	M.albus
Monopterus_albus	Mir-338	Vertebrata	3	M.albus
Monopterus_albus	Mir-34	Bilateria	1	M.albus
Monopterus_albus	Mir-375	Bilateria	1	M.albus
Monopterus_albus	Mir-425	Gnathostomata	1	M.albus
Monopterus_albus	Mir-451	Vertebrata	1	M.albus
Monopterus_albus	Mir-455	Vertebrata	2	M.albus
Monopterus_albus	Mir-456	Vertebrata	1	M.albus
Monopterus_albus	Mir-458	Osteichthyes	1	M.albus
Monopterus_albus	Mir-459	Vertebrata	1	M.albus
Monopterus_albus	Mir-460	Osteichthyes	2	M.albus
Monopterus_albus	Mir-489	Osteichthyes	1	M.albus
Monopterus_albus	Mir-499	Vertebrata	1	M.albus
Monopterus_albus	Mir-551	Vertebrata	1	M.albus
Monopterus_albus	Mir-7	Bilateria	4	M.albus
Monopterus_albus	Mir-7147	Osteichthyes	1	M.albus
Monopterus_albus	Mir-722	Osteichthyes	2	M.albus
Monopterus_albus	Mir-725	Gnathostomata	1	M.albus
Monopterus_albus	Mir-726	Osteichthyes	1	M.albus
Monopterus_albus	Mir-727	Osteichthyes	1	M.albus
Monopterus_albus	Mir-737	Osteichthyes	1	M.albus
Monopterus_albus	Mir-8	Bilateria	3	M.albus
Monopterus_albus	Mir-9	Bilateria	7	M.albus
Monopterus_albus	Mir-92	Bilateria	4	M.albus
Monopterus_albus	Mir-96	Bilateria	6	M.albus
Petromyzon_marinus	Let-7	Bilateria	10	P.marinus
Petromyzon_marinus	Mir-1	Bilateria	5	P.marinus
Petromyzon_marinus	Mir-10	Eumetazoa	6	P.marinus
Petromyzon_marinus	Mir-103	Deuterostomia	2	P.marinus
Petromyzon_marinus	Mir-122	Vertebrata	1	P.marinus
Petromyzon_marinus	Mir-124	Bilateria	3	P.marinus
Petromyzon_marinus	Mir-126	Olfactores	1	P.marinus
Petromyzon_marinus	Mir-128	Vertebrata	3	P.marinus
Petromyzon_marinus	Mir-129	Chordata	2	P.marinus
Petromyzon_marinus	Mir-130	Vertebrata	7	P.marinus
Petromyzon_marinus	Mir-132	Vertebrata	3	P.marinus
Petromyzon_marinus	Mir-133	Bilateria	5	P.marinus
Petromyzon_marinus	Mir-135	Chordata	2	P.marinus
Petromyzon_marinus	Mir-137	Bilateria	3	P.marinus
Petromyzon_marinus	Mir-138	Vertebrata	3	P.marinus
Petromyzon_marinus	Mir-140	Vertebrata	3	P.marinus
Petromyzon_marinus	Mir-142	Vertebrata	1	P.marinus
Petromyzon_marinus	Mir-143	Vertebrata	1	P.marinus
Petromyzon_marinus	Mir-144	Vertebrata	1	P.marinus
Petromyzon_marinus	Mir-145	Vertebrata	1	P.marinus
Petromyzon_marinus	Mir-146	Vertebrata	1	P.marinus
Petromyzon_marinus	Mir-148	Vertebrata	2	P.marinus
Petromyzon_marinus	Mir-15	Olfactores	5	P.marinus
Petromyzon_marinus	Mir-153	Bilateria	3	P.marinus
Petromyzon_marinus	Mir-17	Vertebrata	6	P.marinus
Petromyzon_marinus	Mir-1788	Vertebrata	1	P.marinus
Petromyzon_marinus	Mir-181	Vertebrata	4	P.marinus
Petromyzon_marinus	Mir-184	Bilateria	1	P.marinus
Petromyzon_marinus	Mir-19	Vertebrata	4	P.marinus
Petromyzon_marinus	Mir-190	Bilateria	3	P.marinus
Petromyzon_marinus	Mir-192	Vertebrata	1	P.marinus
Petromyzon_marinus	Mir-193	Bilateria	3	P.marinus
Petromyzon_marinus	Mir-194	Vertebrata	1	P.marinus
Petromyzon_marinus	Mir-196	Olfactores	3	P.marinus
Petromyzon_marinus	Mir-199	Vertebrata	3	P.marinus
Petromyzon_marinus	Mir-202	Vertebrata	2	P.marinus
Petromyzon_marinus	Mir-203	Vertebrata	3	P.marinus
Petromyzon_marinus	Mir-204	Vertebrata	1	P.marinus
Petromyzon_marinus	Mir-205	Vertebrata	2	P.marinus
Petromyzon_marinus	Mir-208	Vertebrata	4	P.marinus
Petromyzon_marinus	Mir-21	Vertebrata	1	P.marinus
Petromyzon_marinus	Mir-210	Bilateria	1	P.marinus
Petromyzon_marinus	Mir-216	Bilateria	4	P.marinus
Petromyzon_marinus	Mir-217	Chordata	2	P.marinus
Petromyzon_marinus	Mir-218	Vertebrata	3	P.marinus
Petromyzon_marinus	Mir-219	Bilateria	2	P.marinus
Petromyzon_marinus	Mir-22	Bilateria	2	P.marinus
Petromyzon_marinus	Mir-221	Vertebrata	2	P.marinus
Petromyzon_marinus	Mir-223	Vertebrata	1	P.marinus
Petromyzon_marinus	Mir-23	Vertebrata	2	P.marinus
Petromyzon_marinus	Mir-24	Vertebrata	1	P.marinus
Petromyzon_marinus	Mir-26	Vertebrata	4	P.marinus
Petromyzon_marinus	Mir-27	Vertebrata	2	P.marinus
Petromyzon_marinus	Mir-281	Bilateria	2	P.marinus
Petromyzon_marinus	Mir-29	Bilateria	4	P.marinus
Petromyzon_marinus	Mir-30	Vertebrata	10	P.marinus
Petromyzon_marinus	Mir-33	Bilateria	4	P.marinus
Petromyzon_marinus	Mir-338	Vertebrata	2	P.marinus
Petromyzon_marinus	Mir-34	Bilateria	1	P.marinus
Petromyzon_marinus	Mir-375	Bilateria	2	P.marinus
Petromyzon_marinus	Mir-451	Vertebrata	1	P.marinus
Petromyzon_marinus	Mir-4541	Vertebrata	1	P.marinus
Petromyzon_marinus	Mir-455	Vertebrata	1	P.marinus
Petromyzon_marinus	Mir-456	Vertebrata	1	P.marinus
Petromyzon_marinus	Mir-459	Vertebrata	1	P.marinus
Petromyzon_marinus	Mir-499	Vertebrata	1	P.marinus
Petromyzon_marinus	Mir-551	Vertebrata	1	P.marinus
Petromyzon_marinus	Mir-7	Bilateria	4	P.marinus
Petromyzon_marinus	Mir-8	Bilateria	3	P.marinus
Petromyzon_marinus	Mir-875	Vertebrata	1	P.marinus
Petromyzon_marinus	Mir-9	Bilateria	5	P.marinus
Petromyzon_marinus	Mir-92	Bilateria	5	P.marinus
Petromyzon_marinus	Mir-96	Bilateria	2	P.marinus
Scyliorhinus_torazame	Let-7	Bilateria	11	S.torazame
Scyliorhinus_torazame	Mir-1	Bilateria	3	S.torazame
Scyliorhinus_torazame	Mir-10	Eumetazoa	8	S.torazame
Scyliorhinus_torazame	Mir-101	Vertebrata	2	S.torazame
Scyliorhinus_torazame	Mir-103	Deuterostomia	3	S.torazame
Scyliorhinus_torazame	Mir-122	Vertebrata	1	S.torazame
Scyliorhinus_torazame	Mir-124	Bilateria	4	S.torazame
Scyliorhinus_torazame	Mir-126	Olfactores	1	S.torazame
Scyliorhinus_torazame	Mir-128	Vertebrata	3	S.torazame
Scyliorhinus_torazame	Mir-129	Chordata	2	S.torazame
Scyliorhinus_torazame	Mir-130	Vertebrata	9	S.torazame
Scyliorhinus_torazame	Mir-1306	Gnathostomata	1	S.torazame
Scyliorhinus_torazame	Mir-132	Vertebrata	1	S.torazame
Scyliorhinus_torazame	Mir-1329	Vertebrata	1	S.torazame
Scyliorhinus_torazame	Mir-133	Bilateria	3	S.torazame
Scyliorhinus_torazame	Mir-135	Chordata	3	S.torazame
Scyliorhinus_torazame	Mir-137	Bilateria	1	S.torazame
Scyliorhinus_torazame	Mir-138	Vertebrata	2	S.torazame
Scyliorhinus_torazame	Mir-1388	Gnathostomata	1	S.torazame
Scyliorhinus_torazame	Mir-139	Gnathostomata	1	S.torazame
Scyliorhinus_torazame	Mir-140	Vertebrata	1	S.torazame
Scyliorhinus_torazame	Mir-142	Vertebrata	1	S.torazame
Scyliorhinus_torazame	Mir-143	Vertebrata	1	S.torazame
Scyliorhinus_torazame	Mir-144	Vertebrata	1	S.torazame
Scyliorhinus_torazame	Mir-145	Vertebrata	1	S.torazame
Scyliorhinus_torazame	Mir-146	Vertebrata	2	S.torazame
Scyliorhinus_torazame	Mir-148	Vertebrata	2	S.torazame
Scyliorhinus_torazame	Mir-15	Olfactores	6	S.torazame
Scyliorhinus_torazame	Mir-150	Gnathostomata	1	S.torazame
Scyliorhinus_torazame	Mir-153	Bilateria	3	S.torazame
Scyliorhinus_torazame	Mir-155	Vertebrata	1	S.torazame
Scyliorhinus_torazame	Mir-17	Vertebrata	10	S.torazame
Scyliorhinus_torazame	Mir-1788	Vertebrata	1	S.torazame
Scyliorhinus_torazame	Mir-181	Vertebrata	6	S.torazame
Scyliorhinus_torazame	Mir-184	Bilateria	1	S.torazame
Scyliorhinus_torazame	Mir-19	Vertebrata	5	S.torazame
Scyliorhinus_torazame	Mir-190	Bilateria	2	S.torazame
Scyliorhinus_torazame	Mir-191	Gnathostomata	1	S.torazame
Scyliorhinus_torazame	Mir-192	Vertebrata	1	S.torazame
Scyliorhinus_torazame	Mir-193	Bilateria	4	S.torazame
Scyliorhinus_torazame	Mir-194	Vertebrata	2	S.torazame
Scyliorhinus_torazame	Mir-196	Olfactores	2	S.torazame
Scyliorhinus_torazame	Mir-199	Vertebrata	2	S.torazame
Scyliorhinus_torazame	Mir-202	Vertebrata	1	S.torazame
Scyliorhinus_torazame	Mir-203	Vertebrata	1	S.torazame
Scyliorhinus_torazame	Mir-204	Vertebrata	3	S.torazame
Scyliorhinus_torazame	Mir-205	Vertebrata	3	S.torazame
Scyliorhinus_torazame	Mir-208	Vertebrata	1	S.torazame
Scyliorhinus_torazame	Mir-21	Vertebrata	1	S.torazame
Scyliorhinus_torazame	Mir-210	Bilateria	2	S.torazame
Scyliorhinus_torazame	Mir-214	Gnathostomata	1	S.torazame
Scyliorhinus_torazame	Mir-216	Bilateria	2	S.torazame
Scyliorhinus_torazame	Mir-217	Chordata	1	S.torazame
Scyliorhinus_torazame	Mir-218	Vertebrata	2	S.torazame
Scyliorhinus_torazame	Mir-2188	Gnathostomata	1	S.torazame
Scyliorhinus_torazame	Mir-219	Bilateria	2	S.torazame
Scyliorhinus_torazame	Mir-22	Bilateria	2	S.torazame
Scyliorhinus_torazame	Mir-221	Vertebrata	3	S.torazame
Scyliorhinus_torazame	Mir-223	Vertebrata	1	S.torazame
Scyliorhinus_torazame	Mir-23	Vertebrata	4	S.torazame
Scyliorhinus_torazame	Mir-24	Vertebrata	4	S.torazame
Scyliorhinus_torazame	Mir-26	Vertebrata	3	S.torazame
Scyliorhinus_torazame	Mir-27	Vertebrata	4	S.torazame
Scyliorhinus_torazame	Mir-281	Bilateria	1	S.torazame
Scyliorhinus_torazame	Mir-29	Bilateria	4	S.torazame
Scyliorhinus_torazame	Mir-30	Vertebrata	6	S.torazame
Scyliorhinus_torazame	Mir-31	Bilateria	1	S.torazame
Scyliorhinus_torazame	Mir-32	Gnathostomata	1	S.torazame
Scyliorhinus_torazame	Mir-33	Bilateria	2	S.torazame
Scyliorhinus_torazame	Mir-338	Vertebrata	2	S.torazame
Scyliorhinus_torazame	Mir-34	Bilateria	7	S.torazame
Scyliorhinus_torazame	Mir-375	Bilateria	1	S.torazame
Scyliorhinus_torazame	Mir-425	Gnathostomata	1	S.torazame
Scyliorhinus_torazame	Mir-451	Vertebrata	2	S.torazame
Scyliorhinus_torazame	Mir-4541	Vertebrata	1	S.torazame
Scyliorhinus_torazame	Mir-455	Vertebrata	1	S.torazame
Scyliorhinus_torazame	Mir-456	Vertebrata	1	S.torazame
Scyliorhinus_torazame	Mir-459	Vertebrata	1	S.torazame
Scyliorhinus_torazame	Mir-499	Vertebrata	1	S.torazame
Scyliorhinus_torazame	Mir-551	Vertebrata	1	S.torazame
Scyliorhinus_torazame	Mir-7	Bilateria	3	S.torazame
Scyliorhinus_torazame	Mir-725	Gnathostomata	1	S.torazame
Scyliorhinus_torazame	Mir-8	Bilateria	3	S.torazame
Scyliorhinus_torazame	Mir-9	Bilateria	3	S.torazame
Scyliorhinus_torazame	Mir-92	Bilateria	7	S.torazame
Scyliorhinus_torazame	Mir-96	Bilateria	3	S.torazame
Tetraodon_nigroviridis	Let-7	Bilateria	19	T.nigroviridis
Tetraodon_nigroviridis	Mir-1	Bilateria	3	T.nigroviridis
Tetraodon_nigroviridis	Mir-10	Eumetazoa	10	T.nigroviridis
Tetraodon_nigroviridis	Mir-101	Vertebrata	2	T.nigroviridis
Tetraodon_nigroviridis	Mir-103	Deuterostomia	3	T.nigroviridis
Tetraodon_nigroviridis	Mir-122	Vertebrata	1	T.nigroviridis
Tetraodon_nigroviridis	Mir-124	Bilateria	4	T.nigroviridis
Tetraodon_nigroviridis	Mir-126	Olfactores	1	T.nigroviridis
Tetraodon_nigroviridis	Mir-128	Vertebrata	2	T.nigroviridis
Tetraodon_nigroviridis	Mir-129	Chordata	4	T.nigroviridis
Tetraodon_nigroviridis	Mir-130	Vertebrata	2	T.nigroviridis
Tetraodon_nigroviridis	Mir-1306	Gnathostomata	1	T.nigroviridis
Tetraodon_nigroviridis	Mir-132	Vertebrata	4	T.nigroviridis
Tetraodon_nigroviridis	Mir-133	Bilateria	3	T.nigroviridis
Tetraodon_nigroviridis	Mir-135	Chordata	5	T.nigroviridis
Tetraodon_nigroviridis	Mir-137	Bilateria	1	T.nigroviridis
Tetraodon_nigroviridis	Mir-138	Vertebrata	3	T.nigroviridis
Tetraodon_nigroviridis	Mir-1388	Gnathostomata	1	T.nigroviridis
Tetraodon_nigroviridis	Mir-139	Gnathostomata	1	T.nigroviridis
Tetraodon_nigroviridis	Mir-140	Vertebrata	1	T.nigroviridis
Tetraodon_nigroviridis	Mir-142	Vertebrata	2	T.nigroviridis
Tetraodon_nigroviridis	Mir-144	Vertebrata	1	T.nigroviridis
Tetraodon_nigroviridis	Mir-146	Vertebrata	1	T.nigroviridis
Tetraodon_nigroviridis	Mir-148	Vertebrata	2	T.nigroviridis
Tetraodon_nigroviridis	Mir-15	Olfactores	4	T.nigroviridis
Tetraodon_nigroviridis	Mir-150	Gnathostomata	1	T.nigroviridis
Tetraodon_nigroviridis	Mir-153	Bilateria	3	T.nigroviridis
Tetraodon_nigroviridis	Mir-155	Vertebrata	1	T.nigroviridis
Tetraodon_nigroviridis	Mir-17	Vertebrata	8	T.nigroviridis
Tetraodon_nigroviridis	Mir-1788	Vertebrata	1	T.nigroviridis
Tetraodon_nigroviridis	Mir-181	Vertebrata	8	T.nigroviridis
Tetraodon_nigroviridis	Mir-184	Bilateria	2	T.nigroviridis
Tetraodon_nigroviridis	Mir-187	Osteichthyes	1	T.nigroviridis
Tetraodon_nigroviridis	Mir-19	Vertebrata	5	T.nigroviridis
Tetraodon_nigroviridis	Mir-190	Bilateria	3	T.nigroviridis
Tetraodon_nigroviridis	Mir-191	Gnathostomata	1	T.nigroviridis
Tetraodon_nigroviridis	Mir-192	Vertebrata	1	T.nigroviridis
Tetraodon_nigroviridis	Mir-193	Bilateria	2	T.nigroviridis
Tetraodon_nigroviridis	Mir-194	Vertebrata	2	T.nigroviridis
Tetraodon_nigroviridis	Mir-196	Olfactores	6	T.nigroviridis
Tetraodon_nigroviridis	Mir-199	Vertebrata	3	T.nigroviridis
Tetraodon_nigroviridis	Mir-202	Vertebrata	1	T.nigroviridis
Tetraodon_nigroviridis	Mir-203	Vertebrata	1	T.nigroviridis
Tetraodon_nigroviridis	Mir-204	Vertebrata	2	T.nigroviridis
Tetraodon_nigroviridis	Mir-205	Vertebrata	1	T.nigroviridis
Tetraodon_nigroviridis	Mir-21	Vertebrata	2	T.nigroviridis
Tetraodon_nigroviridis	Mir-210	Bilateria	1	T.nigroviridis
Tetraodon_nigroviridis	Mir-214	Gnathostomata	2	T.nigroviridis
Tetraodon_nigroviridis	Mir-216	Bilateria	2	T.nigroviridis
Tetraodon_nigroviridis	Mir-217	Chordata	1	T.nigroviridis
Tetraodon_nigroviridis	Mir-218	Vertebrata	3	T.nigroviridis
Tetraodon_nigroviridis	Mir-2184	Gnathostomata	1	T.nigroviridis
Tetraodon_nigroviridis	Mir-2188	Gnathostomata	1	T.nigroviridis
Tetraodon_nigroviridis	Mir-219	Bilateria	4	T.nigroviridis
Tetraodon_nigroviridis	Mir-22	Bilateria	3	T.nigroviridis
Tetraodon_nigroviridis	Mir-221	Vertebrata	2	T.nigroviridis
Tetraodon_nigroviridis	Mir-223	Vertebrata	1	T.nigroviridis
Tetraodon_nigroviridis	Mir-23	Vertebrata	4	T.nigroviridis
Tetraodon_nigroviridis	Mir-24	Vertebrata	5	T.nigroviridis
Tetraodon_nigroviridis	Mir-26	Vertebrata	5	T.nigroviridis
Tetraodon_nigroviridis	Mir-27	Vertebrata	5	T.nigroviridis
Tetraodon_nigroviridis	Mir-29	Bilateria	7	T.nigroviridis
Tetraodon_nigroviridis	Mir-30	Vertebrata	7	T.nigroviridis
Tetraodon_nigroviridis	Mir-31	Bilateria	1	T.nigroviridis
Tetraodon_nigroviridis	Mir-33	Bilateria	3	T.nigroviridis
Tetraodon_nigroviridis	Mir-338	Vertebrata	3	T.nigroviridis
Tetraodon_nigroviridis	Mir-34	Bilateria	2	T.nigroviridis
Tetraodon_nigroviridis	Mir-375	Bilateria	1	T.nigroviridis
Tetraodon_nigroviridis	Mir-425	Gnathostomata	1	T.nigroviridis
Tetraodon_nigroviridis	Mir-451	Vertebrata	1	T.nigroviridis
Tetraodon_nigroviridis	Mir-455	Vertebrata	2	T.nigroviridis
Tetraodon_nigroviridis	Mir-458	Osteichthyes	1	T.nigroviridis
Tetraodon_nigroviridis	Mir-459	Vertebrata	1	T.nigroviridis
Tetraodon_nigroviridis	Mir-460	Osteichthyes	3	T.nigroviridis
Tetraodon_nigroviridis	Mir-489	Osteichthyes	1	T.nigroviridis
Tetraodon_nigroviridis	Mir-499	Vertebrata	1	T.nigroviridis
Tetraodon_nigroviridis	Mir-7	Bilateria	1	T.nigroviridis
Tetraodon_nigroviridis	Mir-7147	Osteichthyes	1	T.nigroviridis
Tetraodon_nigroviridis	Mir-722	Osteichthyes	2	T.nigroviridis
Tetraodon_nigroviridis	Mir-725	Gnathostomata	1	T.nigroviridis
Tetraodon_nigroviridis	Mir-726	Osteichthyes	1	T.nigroviridis
Tetraodon_nigroviridis	Mir-727	Osteichthyes	2	T.nigroviridis
Tetraodon_nigroviridis	Mir-737	Osteichthyes	1	T.nigroviridis
Tetraodon_nigroviridis	Mir-8	Bilateria	3	T.nigroviridis
Tetraodon_nigroviridis	Mir-9	Bilateria	7	T.nigroviridis
Tetraodon_nigroviridis	Mir-92	Bilateria	3	T.nigroviridis
Tetraodon_nigroviridis	Mir-96	Bilateria	5	T.nigroviridis
Xenopus_laevis	Let-7	Bilateria	20	X.laevis
Xenopus_laevis	Mir-1	Bilateria	8	X.laevis
Xenopus_laevis	Mir-10	Eumetazoa	16	X.laevis
Xenopus_laevis	Mir-101	Vertebrata	4	X.laevis
Xenopus_laevis	Mir-103	Deuterostomia	5	X.laevis
Xenopus_laevis	Mir-122	Vertebrata	2	X.laevis
Xenopus_laevis	Mir-124	Bilateria	6	X.laevis
Xenopus_laevis	Mir-126	Olfactores	2	X.laevis
Xenopus_laevis	Mir-128	Vertebrata	4	X.laevis
Xenopus_laevis	Mir-129	Chordata	5	X.laevis
Xenopus_laevis	Mir-130	Vertebrata	12	X.laevis
Xenopus_laevis	Mir-1306	Gnathostomata	2	X.laevis
Xenopus_laevis	Mir-132	Vertebrata	4	X.laevis
Xenopus_laevis	Mir-1329	Vertebrata	2	X.laevis
Xenopus_laevis	Mir-133	Bilateria	8	X.laevis
Xenopus_laevis	Mir-135	Chordata	4	X.laevis
Xenopus_laevis	Mir-137	Bilateria	1	X.laevis
Xenopus_laevis	Mir-138	Vertebrata	2	X.laevis
Xenopus_laevis	Mir-1388	Gnathostomata	2	X.laevis
Xenopus_laevis	Mir-139	Gnathostomata	2	X.laevis
Xenopus_laevis	Mir-140	Vertebrata	2	X.laevis
Xenopus_laevis	Mir-142	Vertebrata	4	X.laevis
Xenopus_laevis	Mir-143	Vertebrata	2	X.laevis
Xenopus_laevis	Mir-144	Vertebrata	2	X.laevis
Xenopus_laevis	Mir-145	Vertebrata	2	X.laevis
Xenopus_laevis	Mir-146	Vertebrata	3	X.laevis
Xenopus_laevis	Mir-148	Vertebrata	4	X.laevis
Xenopus_laevis	Mir-15	Olfactores	13	X.laevis
Xenopus_laevis	Mir-150	Gnathostomata	2	X.laevis
Xenopus_laevis	Mir-153	Bilateria	4	X.laevis
Xenopus_laevis	Mir-155	Vertebrata	2	X.laevis
Xenopus_laevis	Mir-1662	Tetrapoda	2	X.laevis
Xenopus_laevis	Mir-17	Vertebrata	14	X.laevis
Xenopus_laevis	Mir-1788	Vertebrata	2	X.laevis
Xenopus_laevis	Mir-1805	Tetrapoda	2	X.laevis
Xenopus_laevis	Mir-181	Vertebrata	8	X.laevis
Xenopus_laevis	Mir-184	Bilateria	2	X.laevis
Xenopus_laevis	Mir-19	Vertebrata	6	X.laevis
Xenopus_laevis	Mir-190	Bilateria	2	X.laevis
Xenopus_laevis	Mir-191	Gnathostomata	2	X.laevis
Xenopus_laevis	Mir-192	Vertebrata	4	X.laevis
Xenopus_laevis	Mir-193	Bilateria	5	X.laevis
Xenopus_laevis	Mir-194	Vertebrata	4	X.laevis
Xenopus_laevis	Mir-196	Olfactores	4	X.laevis
Xenopus_laevis	Mir-199	Vertebrata	4	X.laevis
Xenopus_laevis	Mir-202	Vertebrata	2	X.laevis
Xenopus_laevis	Mir-203	Vertebrata	2	X.laevis
Xenopus_laevis	Mir-204	Vertebrata	4	X.laevis
Xenopus_laevis	Mir-205	Vertebrata	4	X.laevis
Xenopus_laevis	Mir-208	Vertebrata	2	X.laevis
Xenopus_laevis	Mir-21	Vertebrata	2	X.laevis
Xenopus_laevis	Mir-210	Bilateria	3	X.laevis
Xenopus_laevis	Mir-214	Gnathostomata	2	X.laevis
Xenopus_laevis	Mir-216	Bilateria	2	X.laevis
Xenopus_laevis	Mir-217	Chordata	2	X.laevis
Xenopus_laevis	Mir-218	Vertebrata	4	X.laevis
Xenopus_laevis	Mir-2184	Gnathostomata	2	X.laevis
Xenopus_laevis	Mir-2188	Gnathostomata	2	X.laevis
Xenopus_laevis	Mir-219	Bilateria	2	X.laevis
Xenopus_laevis	Mir-22	Bilateria	2	X.laevis
Xenopus_laevis	Mir-221	Vertebrata	4	X.laevis
Xenopus_laevis	Mir-223	Vertebrata	1	X.laevis
Xenopus_laevis	Mir-23	Vertebrata	6	X.laevis
Xenopus_laevis	Mir-24	Vertebrata	4	X.laevis
Xenopus_laevis	Mir-26	Vertebrata	6	X.laevis
Xenopus_laevis	Mir-27	Vertebrata	6	X.laevis
Xenopus_laevis	Mir-29	Bilateria	8	X.laevis
Xenopus_laevis	Mir-2970	Sarcopterygii	2	X.laevis
Xenopus_laevis	Mir-30	Vertebrata	12	X.laevis
Xenopus_laevis	Mir-31	Bilateria	2	X.laevis
Xenopus_laevis	Mir-32	Gnathostomata	1	X.laevis
Xenopus_laevis	Mir-33	Bilateria	4	X.laevis
Xenopus_laevis	Mir-338	Vertebrata	4	X.laevis
Xenopus_laevis	Mir-34	Bilateria	18	X.laevis
Xenopus_laevis	Mir-375	Bilateria	3	X.laevis
Xenopus_laevis	Mir-383	Tetrapoda	2	X.laevis
Xenopus_laevis	Mir-425	Gnathostomata	2	X.laevis
Xenopus_laevis	Mir-451	Vertebrata	2	X.laevis
Xenopus_laevis	Mir-455	Vertebrata	2	X.laevis
Xenopus_laevis	Mir-456	Vertebrata	2	X.laevis
Xenopus_laevis	Mir-458	Osteichthyes	2	X.laevis
Xenopus_laevis	Mir-459	Vertebrata	2	X.laevis
Xenopus_laevis	Mir-460	Osteichthyes	4	X.laevis
Xenopus_laevis	Mir-489	Osteichthyes	2	X.laevis
Xenopus_laevis	Mir-499	Vertebrata	2	X.laevis
Xenopus_laevis	Mir-551	Vertebrata	4	X.laevis
Xenopus_laevis	Mir-7	Bilateria	6	X.laevis
Xenopus_laevis	Mir-7147	Osteichthyes	2	X.laevis
Xenopus_laevis	Mir-725	Gnathostomata	2	X.laevis
Xenopus_laevis	Mir-726	Osteichthyes	2	X.laevis
Xenopus_laevis	Mir-8	Bilateria	6	X.laevis
Xenopus_laevis	Mir-9	Bilateria	8	X.laevis
Xenopus_laevis	Mir-92	Bilateria	14	X.laevis
Xenopus_laevis	Mir-96	Bilateria	6	X.laevis
Xenopus_tropicalis	Let-7	Bilateria	10	X.tropicalis
Xenopus_tropicalis	Mir-1	Bilateria	4	X.tropicalis
Xenopus_tropicalis	Mir-10	Eumetazoa	8	X.tropicalis
Xenopus_tropicalis	Mir-101	Vertebrata	2	X.tropicalis
Xenopus_tropicalis	Mir-103	Deuterostomia	3	X.tropicalis
Xenopus_tropicalis	Mir-122	Vertebrata	1	X.tropicalis
Xenopus_tropicalis	Mir-124	Bilateria	3	X.tropicalis
Xenopus_tropicalis	Mir-126	Olfactores	1	X.tropicalis
Xenopus_tropicalis	Mir-128	Vertebrata	2	X.tropicalis
Xenopus_tropicalis	Mir-129	Chordata	2	X.tropicalis
Xenopus_tropicalis	Mir-130	Vertebrata	6	X.tropicalis
Xenopus_tropicalis	Mir-1306	Gnathostomata	1	X.tropicalis
Xenopus_tropicalis	Mir-132	Vertebrata	2	X.tropicalis
Xenopus_tropicalis	Mir-1329	Vertebrata	1	X.tropicalis
Xenopus_tropicalis	Mir-133	Bilateria	4	X.tropicalis
Xenopus_tropicalis	Mir-135	Chordata	2	X.tropicalis
Xenopus_tropicalis	Mir-137	Bilateria	1	X.tropicalis
Xenopus_tropicalis	Mir-138	Vertebrata	1	X.tropicalis
Xenopus_tropicalis	Mir-1388	Gnathostomata	1	X.tropicalis
Xenopus_tropicalis	Mir-139	Gnathostomata	1	X.tropicalis
Xenopus_tropicalis	Mir-140	Vertebrata	1	X.tropicalis
Xenopus_tropicalis	Mir-142	Vertebrata	2	X.tropicalis
Xenopus_tropicalis	Mir-143	Vertebrata	1	X.tropicalis
Xenopus_tropicalis	Mir-144	Vertebrata	1	X.tropicalis
Xenopus_tropicalis	Mir-145	Vertebrata	1	X.tropicalis
Xenopus_tropicalis	Mir-146	Vertebrata	2	X.tropicalis
Xenopus_tropicalis	Mir-148	Vertebrata	2	X.tropicalis
Xenopus_tropicalis	Mir-15	Olfactores	6	X.tropicalis
Xenopus_tropicalis	Mir-150	Gnathostomata	1	X.tropicalis
Xenopus_tropicalis	Mir-153	Bilateria	2	X.tropicalis
Xenopus_tropicalis	Mir-155	Vertebrata	1	X.tropicalis
Xenopus_tropicalis	Mir-1662	Tetrapoda	1	X.tropicalis
Xenopus_tropicalis	Mir-17	Vertebrata	8	X.tropicalis
Xenopus_tropicalis	Mir-1788	Vertebrata	1	X.tropicalis
Xenopus_tropicalis	Mir-1805	Tetrapoda	1	X.tropicalis
Xenopus_tropicalis	Mir-181	Vertebrata	4	X.tropicalis
Xenopus_tropicalis	Mir-184	Bilateria	1	X.tropicalis
Xenopus_tropicalis	Mir-187	Osteichthyes	1	X.tropicalis
Xenopus_tropicalis	Mir-19	Vertebrata	3	X.tropicalis
Xenopus_tropicalis	Mir-190	Bilateria	1	X.tropicalis
Xenopus_tropicalis	Mir-191	Gnathostomata	1	X.tropicalis
Xenopus_tropicalis	Mir-192	Vertebrata	2	X.tropicalis
Xenopus_tropicalis	Mir-193	Bilateria	2	X.tropicalis
Xenopus_tropicalis	Mir-194	Vertebrata	2	X.tropicalis
Xenopus_tropicalis	Mir-196	Olfactores	2	X.tropicalis
Xenopus_tropicalis	Mir-199	Vertebrata	2	X.tropicalis
Xenopus_tropicalis	Mir-202	Vertebrata	2	X.tropicalis
Xenopus_tropicalis	Mir-203	Vertebrata	1	X.tropicalis
Xenopus_tropicalis	Mir-204	Vertebrata	2	X.tropicalis
Xenopus_tropicalis	Mir-205	Vertebrata	2	X.tropicalis
Xenopus_tropicalis	Mir-208	Vertebrata	1	X.tropicalis
Xenopus_tropicalis	Mir-21	Vertebrata	1	X.tropicalis
Xenopus_tropicalis	Mir-210	Bilateria	1	X.tropicalis
Xenopus_tropicalis	Mir-214	Gnathostomata	1	X.tropicalis
Xenopus_tropicalis	Mir-216	Bilateria	1	X.tropicalis
Xenopus_tropicalis	Mir-217	Chordata	1	X.tropicalis
Xenopus_tropicalis	Mir-218	Vertebrata	2	X.tropicalis
Xenopus_tropicalis	Mir-2184	Gnathostomata	1	X.tropicalis
Xenopus_tropicalis	Mir-2188	Gnathostomata	1	X.tropicalis
Xenopus_tropicalis	Mir-219	Bilateria	1	X.tropicalis
Xenopus_tropicalis	Mir-22	Bilateria	1	X.tropicalis
Xenopus_tropicalis	Mir-221	Vertebrata	2	X.tropicalis
Xenopus_tropicalis	Mir-223	Vertebrata	1	X.tropicalis
Xenopus_tropicalis	Mir-23	Vertebrata	3	X.tropicalis
Xenopus_tropicalis	Mir-24	Vertebrata	2	X.tropicalis
Xenopus_tropicalis	Mir-26	Vertebrata	4	X.tropicalis
Xenopus_tropicalis	Mir-27	Vertebrata	3	X.tropicalis
Xenopus_tropicalis	Mir-29	Bilateria	4	X.tropicalis
Xenopus_tropicalis	Mir-2970	Sarcopterygii	1	X.tropicalis
Xenopus_tropicalis	Mir-30	Vertebrata	6	X.tropicalis
Xenopus_tropicalis	Mir-31	Bilateria	1	X.tropicalis
Xenopus_tropicalis	Mir-33	Bilateria	2	X.tropicalis
Xenopus_tropicalis	Mir-338	Vertebrata	2	X.tropicalis
Xenopus_tropicalis	Mir-34	Bilateria	8	X.tropicalis
Xenopus_tropicalis	Mir-375	Bilateria	1	X.tropicalis
Xenopus_tropicalis	Mir-383	Tetrapoda	1	X.tropicalis
Xenopus_tropicalis	Mir-425	Gnathostomata	1	X.tropicalis
Xenopus_tropicalis	Mir-451	Vertebrata	1	X.tropicalis
Xenopus_tropicalis	Mir-455	Vertebrata	1	X.tropicalis
Xenopus_tropicalis	Mir-456	Vertebrata	1	X.tropicalis
Xenopus_tropicalis	Mir-458	Osteichthyes	1	X.tropicalis
Xenopus_tropicalis	Mir-459	Vertebrata	1	X.tropicalis
Xenopus_tropicalis	Mir-460	Osteichthyes	2	X.tropicalis
Xenopus_tropicalis	Mir-489	Osteichthyes	1	X.tropicalis
Xenopus_tropicalis	Mir-499	Vertebrata	1	X.tropicalis
Xenopus_tropicalis	Mir-551	Vertebrata	2	X.tropicalis
Xenopus_tropicalis	Mir-7	Bilateria	3	X.tropicalis
Xenopus_tropicalis	Mir-7147	Osteichthyes	1	X.tropicalis
Xenopus_tropicalis	Mir-725	Gnathostomata	1	X.tropicalis
Xenopus_tropicalis	Mir-726	Osteichthyes	1	X.tropicalis
Xenopus_tropicalis	Mir-8	Bilateria	3	X.tropicalis
Xenopus_tropicalis	Mir-9	Bilateria	4	X.tropicalis
Xenopus_tropicalis	Mir-92	Bilateria	7	X.tropicalis
Xenopus_tropicalis	Mir-96	Bilateria	3	X.tropicalis
Acipenser_ruthenus	Let-7	Bilateria	28	A.ruthenus
Acipenser_ruthenus	Mir-1	Bilateria	6	A.ruthenus
Acipenser_ruthenus	Mir-10	Eumetazoa	16	A.ruthenus
Acipenser_ruthenus	Mir-101	Vertebrata	3	A.ruthenus
Acipenser_ruthenus	Mir-103	Deuterostomia	5	A.ruthenus
Acipenser_ruthenus	Mir-122	Vertebrata	1	A.ruthenus
Acipenser_ruthenus	Mir-124	Bilateria	10	A.ruthenus
Acipenser_ruthenus	Mir-126	Olfactores	2	A.ruthenus
Acipenser_ruthenus	Mir-128	Vertebrata	4	A.ruthenus
Acipenser_ruthenus	Mir-129	Chordata	4	A.ruthenus
Acipenser_ruthenus	Mir-130	Vertebrata	14	A.ruthenus
Acipenser_ruthenus	Mir-1306	Gnathostomata	2	A.ruthenus
Acipenser_ruthenus	Mir-132	Vertebrata	4	A.ruthenus
Acipenser_ruthenus	Mir-133	Bilateria	6	A.ruthenus
Acipenser_ruthenus	Mir-135	Chordata	5	A.ruthenus
Acipenser_ruthenus	Mir-137	Bilateria	4	A.ruthenus
Acipenser_ruthenus	Mir-138	Vertebrata	4	A.ruthenus
Acipenser_ruthenus	Mir-1388	Gnathostomata	2	A.ruthenus
Acipenser_ruthenus	Mir-139	Gnathostomata	2	A.ruthenus
Acipenser_ruthenus	Mir-140	Vertebrata	2	A.ruthenus
Acipenser_ruthenus	Mir-142	Vertebrata	2	A.ruthenus
Acipenser_ruthenus	Mir-143	Vertebrata	2	A.ruthenus
Acipenser_ruthenus	Mir-144	Vertebrata	2	A.ruthenus
Acipenser_ruthenus	Mir-145	Vertebrata	2	A.ruthenus
Acipenser_ruthenus	Mir-146	Vertebrata	4	A.ruthenus
Acipenser_ruthenus	Mir-147	Vertebrata	2	A.ruthenus
Acipenser_ruthenus	Mir-148	Vertebrata	8	A.ruthenus
Acipenser_ruthenus	Mir-15	Olfactores	12	A.ruthenus
Acipenser_ruthenus	Mir-153	Bilateria	4	A.ruthenus
Acipenser_ruthenus	Mir-155	Vertebrata	2	A.ruthenus
Acipenser_ruthenus	Mir-17	Vertebrata	10	A.ruthenus
Acipenser_ruthenus	Mir-1788	Vertebrata	2	A.ruthenus
Acipenser_ruthenus	Mir-181	Vertebrata	12	A.ruthenus
Acipenser_ruthenus	Mir-184	Bilateria	2	A.ruthenus
Acipenser_ruthenus	Mir-19	Vertebrata	6	A.ruthenus
Acipenser_ruthenus	Mir-190	Bilateria	6	A.ruthenus
Acipenser_ruthenus	Mir-192	Vertebrata	4	A.ruthenus
Acipenser_ruthenus	Mir-193	Bilateria	8	A.ruthenus
Acipenser_ruthenus	Mir-194	Vertebrata	4	A.ruthenus
Acipenser_ruthenus	Mir-196	Olfactores	6	A.ruthenus
Acipenser_ruthenus	Mir-199	Vertebrata	5	A.ruthenus
Acipenser_ruthenus	Mir-202	Vertebrata	2	A.ruthenus
Acipenser_ruthenus	Mir-203	Vertebrata	2	A.ruthenus
Acipenser_ruthenus	Mir-204	Vertebrata	7	A.ruthenus
Acipenser_ruthenus	Mir-205	Vertebrata	4	A.ruthenus
Acipenser_ruthenus	Mir-208	Vertebrata	8	A.ruthenus
Acipenser_ruthenus	Mir-21	Vertebrata	2	A.ruthenus
Acipenser_ruthenus	Mir-210	Bilateria	2	A.ruthenus
Acipenser_ruthenus	Mir-214	Gnathostomata	1	A.ruthenus
Acipenser_ruthenus	Mir-216	Bilateria	4	A.ruthenus
Acipenser_ruthenus	Mir-217	Chordata	2	A.ruthenus
Acipenser_ruthenus	Mir-218	Vertebrata	6	A.ruthenus
Acipenser_ruthenus	Mir-2184	Gnathostomata	2	A.ruthenus
Acipenser_ruthenus	Mir-2188	Gnathostomata	2	A.ruthenus
Acipenser_ruthenus	Mir-219	Bilateria	5	A.ruthenus
Acipenser_ruthenus	Mir-22	Bilateria	4	A.ruthenus
Acipenser_ruthenus	Mir-221	Vertebrata	5	A.ruthenus
Acipenser_ruthenus	Mir-223	Vertebrata	2	A.ruthenus
Acipenser_ruthenus	Mir-23	Vertebrata	8	A.ruthenus
Acipenser_ruthenus	Mir-24	Vertebrata	8	A.ruthenus
Acipenser_ruthenus	Mir-26	Vertebrata	6	A.ruthenus
Acipenser_ruthenus	Mir-27	Vertebrata	8	A.ruthenus
Acipenser_ruthenus	Mir-29	Bilateria	8	A.ruthenus
Acipenser_ruthenus	Mir-30	Vertebrata	12	A.ruthenus
Acipenser_ruthenus	Mir-31	Bilateria	3	A.ruthenus
Acipenser_ruthenus	Mir-33	Bilateria	3	A.ruthenus
Acipenser_ruthenus	Mir-338	Vertebrata	4	A.ruthenus
Acipenser_ruthenus	Mir-34	Bilateria	11	A.ruthenus
Acipenser_ruthenus	Mir-375	Bilateria	2	A.ruthenus
Acipenser_ruthenus	Mir-425	Gnathostomata	2	A.ruthenus
Acipenser_ruthenus	Mir-451	Vertebrata	2	A.ruthenus
Acipenser_ruthenus	Mir-455	Vertebrata	2	A.ruthenus
Acipenser_ruthenus	Mir-456	Vertebrata	2	A.ruthenus
Acipenser_ruthenus	Mir-459	Vertebrata	2	A.ruthenus
Acipenser_ruthenus	Mir-460	Osteichthyes	3	A.ruthenus
Acipenser_ruthenus	Mir-489	Osteichthyes	2	A.ruthenus
Acipenser_ruthenus	Mir-499	Vertebrata	2	A.ruthenus
Acipenser_ruthenus	Mir-551	Vertebrata	4	A.ruthenus
Acipenser_ruthenus	Mir-7	Bilateria	8	A.ruthenus
Acipenser_ruthenus	Mir-7147	Osteichthyes	2	A.ruthenus
Acipenser_ruthenus	Mir-722	Osteichthyes	2	A.ruthenus
Acipenser_ruthenus	Mir-726	Osteichthyes	1	A.ruthenus
Acipenser_ruthenus	Mir-737	Osteichthyes	2	A.ruthenus
Acipenser_ruthenus	Mir-8	Bilateria	6	A.ruthenus
Acipenser_ruthenus	Mir-875	Vertebrata	1	A.ruthenus
Acipenser_ruthenus	Mir-9	Bilateria	8	A.ruthenus
Acipenser_ruthenus	Mir-92	Bilateria	10	A.ruthenus
Acipenser_ruthenus	Mir-96	Bilateria	6	A.ruthenus
AmbMex60DD	Let-7	Bilateria	13	A.mexicanum
AmbMex60DD	Mir-1	Bilateria	4	A.mexicanum
AmbMex60DD	Mir-10	Eumetazoa	8	A.mexicanum
AmbMex60DD	Mir-101	Vertebrata	2	A.mexicanum
AmbMex60DD	Mir-103	Deuterostomia	3	A.mexicanum
AmbMex60DD	Mir-122	Vertebrata	1	A.mexicanum
AmbMex60DD	Mir-124	Bilateria	4	A.mexicanum
AmbMex60DD	Mir-126	Olfactores	1	A.mexicanum
AmbMex60DD	Mir-128	Vertebrata	2	A.mexicanum
AmbMex60DD	Mir-129	Chordata	3	A.mexicanum
AmbMex60DD	Mir-130	Vertebrata	6	A.mexicanum
AmbMex60DD	Mir-132	Vertebrata	3	A.mexicanum
AmbMex60DD	Mir-1329	Vertebrata	1	A.mexicanum
AmbMex60DD	Mir-133	Bilateria	6	A.mexicanum
AmbMex60DD	Mir-135	Chordata	4	A.mexicanum
AmbMex60DD	Mir-137	Bilateria	2	A.mexicanum
AmbMex60DD	Mir-138	Vertebrata	2	A.mexicanum
AmbMex60DD	Mir-1388	Gnathostomata	1	A.mexicanum
AmbMex60DD	Mir-139	Gnathostomata	1	A.mexicanum
AmbMex60DD	Mir-140	Vertebrata	1	A.mexicanum
AmbMex60DD	Mir-142	Vertebrata	2	A.mexicanum
AmbMex60DD	Mir-143	Vertebrata	1	A.mexicanum
AmbMex60DD	Mir-144	Vertebrata	1	A.mexicanum
AmbMex60DD	Mir-145	Vertebrata	1	A.mexicanum
AmbMex60DD	Mir-146	Vertebrata	1	A.mexicanum
AmbMex60DD	Mir-148	Vertebrata	2	A.mexicanum
AmbMex60DD	Mir-15	Olfactores	8	A.mexicanum
AmbMex60DD	Mir-150	Gnathostomata	1	A.mexicanum
AmbMex60DD	Mir-153	Bilateria	2	A.mexicanum
AmbMex60DD	Mir-155	Vertebrata	1	A.mexicanum
AmbMex60DD	Mir-1662	Tetrapoda	1	A.mexicanum
AmbMex60DD	Mir-17	Vertebrata	8	A.mexicanum
AmbMex60DD	Mir-1788	Vertebrata	1	A.mexicanum
AmbMex60DD	Mir-181	Vertebrata	4	A.mexicanum
AmbMex60DD	Mir-184	Bilateria	1	A.mexicanum
AmbMex60DD	Mir-19	Vertebrata	4	A.mexicanum
AmbMex60DD	Mir-190	Bilateria	2	A.mexicanum
AmbMex60DD	Mir-191	Gnathostomata	1	A.mexicanum
AmbMex60DD	Mir-192	Vertebrata	2	A.mexicanum
AmbMex60DD	Mir-193	Bilateria	4	A.mexicanum
AmbMex60DD	Mir-194	Vertebrata	2	A.mexicanum
AmbMex60DD	Mir-196	Olfactores	2	A.mexicanum
AmbMex60DD	Mir-199	Vertebrata	2	A.mexicanum
AmbMex60DD	Mir-202	Vertebrata	1	A.mexicanum
AmbMex60DD	Mir-203	Vertebrata	1	A.mexicanum
AmbMex60DD	Mir-204	Vertebrata	2	A.mexicanum
AmbMex60DD	Mir-205	Vertebrata	2	A.mexicanum
AmbMex60DD	Mir-208	Vertebrata	2	A.mexicanum
AmbMex60DD	Mir-21	Vertebrata	1	A.mexicanum
AmbMex60DD	Mir-210	Bilateria	1	A.mexicanum
AmbMex60DD	Mir-214	Gnathostomata	1	A.mexicanum
AmbMex60DD	Mir-216	Bilateria	4	A.mexicanum
AmbMex60DD	Mir-217	Chordata	2	A.mexicanum
AmbMex60DD	Mir-218	Vertebrata	2	A.mexicanum
AmbMex60DD	Mir-2188	Gnathostomata	1	A.mexicanum
AmbMex60DD	Mir-219	Bilateria	2	A.mexicanum
AmbMex60DD	Mir-22	Bilateria	1	A.mexicanum
AmbMex60DD	Mir-221	Vertebrata	2	A.mexicanum
AmbMex60DD	Mir-223	Vertebrata	1	A.mexicanum
AmbMex60DD	Mir-23	Vertebrata	3	A.mexicanum
AmbMex60DD	Mir-24	Vertebrata	2	A.mexicanum
AmbMex60DD	Mir-26	Vertebrata	3	A.mexicanum
AmbMex60DD	Mir-27	Vertebrata	3	A.mexicanum
AmbMex60DD	Mir-29	Bilateria	4	A.mexicanum
AmbMex60DD	Mir-30	Vertebrata	6	A.mexicanum
AmbMex60DD	Mir-31	Bilateria	1	A.mexicanum
AmbMex60DD	Mir-33	Bilateria	3	A.mexicanum
AmbMex60DD	Mir-338	Vertebrata	1	A.mexicanum
AmbMex60DD	Mir-34	Bilateria	5	A.mexicanum
AmbMex60DD	Mir-375	Bilateria	1	A.mexicanum
AmbMex60DD	Mir-425	Gnathostomata	1	A.mexicanum
AmbMex60DD	Mir-451	Vertebrata	1	A.mexicanum
AmbMex60DD	Mir-455	Vertebrata	1	A.mexicanum
AmbMex60DD	Mir-458	Osteichthyes	1	A.mexicanum
AmbMex60DD	Mir-460	Osteichthyes	2	A.mexicanum
AmbMex60DD	Mir-489	Osteichthyes	1	A.mexicanum
AmbMex60DD	Mir-499	Vertebrata	1	A.mexicanum
AmbMex60DD	Mir-551	Vertebrata	2	A.mexicanum
AmbMex60DD	Mir-7	Bilateria	3	A.mexicanum
AmbMex60DD	Mir-726	Osteichthyes	1	A.mexicanum
AmbMex60DD	Mir-8	Bilateria	3	A.mexicanum
AmbMex60DD	Mir-9	Bilateria	4	A.mexicanum
AmbMex60DD	Mir-92	Bilateria	6	A.mexicanum
AmbMex60DD	Mir-96	Bilateria	3	A.mexicanum
Polyodon_spathula	Let-7	Bilateria	28	P.spathula
Polyodon_spathula	Mir-1	Bilateria	6	P.spathula
Polyodon_spathula	Mir-10	Eumetazoa	11	P.spathula
Polyodon_spathula	Mir-101	Vertebrata	4	P.spathula
Polyodon_spathula	Mir-103	Deuterostomia	5	P.spathula
Polyodon_spathula	Mir-122	Vertebrata	2	P.spathula
Polyodon_spathula	Mir-124	Bilateria	7	P.spathula
Polyodon_spathula	Mir-126	Olfactores	1	P.spathula
Polyodon_spathula	Mir-128	Vertebrata	4	P.spathula
Polyodon_spathula	Mir-129	Chordata	4	P.spathula
Polyodon_spathula	Mir-130	Vertebrata	9	P.spathula
Polyodon_spathula	Mir-1306	Gnathostomata	2	P.spathula
Polyodon_spathula	Mir-132	Vertebrata	2	P.spathula
Polyodon_spathula	Mir-133	Bilateria	6	P.spathula
Polyodon_spathula	Mir-135	Chordata	6	P.spathula
Polyodon_spathula	Mir-137	Bilateria	3	P.spathula
Polyodon_spathula	Mir-138	Vertebrata	4	P.spathula
Polyodon_spathula	Mir-1388	Gnathostomata	2	P.spathula
Polyodon_spathula	Mir-139	Gnathostomata	1	P.spathula
Polyodon_spathula	Mir-140	Vertebrata	2	P.spathula
Polyodon_spathula	Mir-142	Vertebrata	1	P.spathula
Polyodon_spathula	Mir-143	Vertebrata	2	P.spathula
Polyodon_spathula	Mir-144	Vertebrata	1	P.spathula
Polyodon_spathula	Mir-145	Vertebrata	2	P.spathula
Polyodon_spathula	Mir-146	Vertebrata	4	P.spathula
Polyodon_spathula	Mir-147	Vertebrata	2	P.spathula
Polyodon_spathula	Mir-148	Vertebrata	7	P.spathula
Polyodon_spathula	Mir-15	Olfactores	15	P.spathula
Polyodon_spathula	Mir-153	Bilateria	3	P.spathula
Polyodon_spathula	Mir-155	Vertebrata	2	P.spathula
Polyodon_spathula	Mir-17	Vertebrata	14	P.spathula
Polyodon_spathula	Mir-1788	Vertebrata	2	P.spathula
Polyodon_spathula	Mir-181	Vertebrata	8	P.spathula
Polyodon_spathula	Mir-184	Bilateria	2	P.spathula
Polyodon_spathula	Mir-19	Vertebrata	8	P.spathula
Polyodon_spathula	Mir-190	Bilateria	3	P.spathula
Polyodon_spathula	Mir-192	Vertebrata	3	P.spathula
Polyodon_spathula	Mir-193	Bilateria	8	P.spathula
Polyodon_spathula	Mir-194	Vertebrata	3	P.spathula
Polyodon_spathula	Mir-196	Olfactores	5	P.spathula
Polyodon_spathula	Mir-199	Vertebrata	5	P.spathula
Polyodon_spathula	Mir-202	Vertebrata	2	P.spathula
Polyodon_spathula	Mir-203	Vertebrata	2	P.spathula
Polyodon_spathula	Mir-204	Vertebrata	6	P.spathula
Polyodon_spathula	Mir-205	Vertebrata	4	P.spathula
Polyodon_spathula	Mir-208	Vertebrata	9	P.spathula
Polyodon_spathula	Mir-21	Vertebrata	1	P.spathula
Polyodon_spathula	Mir-210	Bilateria	2	P.spathula
Polyodon_spathula	Mir-214	Gnathostomata	2	P.spathula
Polyodon_spathula	Mir-216	Bilateria	4	P.spathula
Polyodon_spathula	Mir-217	Chordata	2	P.spathula
Polyodon_spathula	Mir-218	Vertebrata	6	P.spathula
Polyodon_spathula	Mir-2188	Gnathostomata	2	P.spathula
Polyodon_spathula	Mir-219	Bilateria	4	P.spathula
Polyodon_spathula	Mir-22	Bilateria	3	P.spathula
Polyodon_spathula	Mir-221	Vertebrata	6	P.spathula
Polyodon_spathula	Mir-223	Vertebrata	2	P.spathula
Polyodon_spathula	Mir-23	Vertebrata	7	P.spathula
Polyodon_spathula	Mir-24	Vertebrata	7	P.spathula
Polyodon_spathula	Mir-26	Vertebrata	5	P.spathula
Polyodon_spathula	Mir-27	Vertebrata	7	P.spathula
Polyodon_spathula	Mir-29	Bilateria	10	P.spathula
Polyodon_spathula	Mir-30	Vertebrata	10	P.spathula
Polyodon_spathula	Mir-31	Bilateria	2	P.spathula
Polyodon_spathula	Mir-33	Bilateria	3	P.spathula
Polyodon_spathula	Mir-338	Vertebrata	4	P.spathula
Polyodon_spathula	Mir-34	Bilateria	13	P.spathula
Polyodon_spathula	Mir-375	Bilateria	2	P.spathula
Polyodon_spathula	Mir-425	Gnathostomata	1	P.spathula
Polyodon_spathula	Mir-455	Vertebrata	2	P.spathula
Polyodon_spathula	Mir-456	Vertebrata	2	P.spathula
Polyodon_spathula	Mir-459	Vertebrata	1	P.spathula
Polyodon_spathula	Mir-460	Osteichthyes	4	P.spathula
Polyodon_spathula	Mir-489	Osteichthyes	2	P.spathula
Polyodon_spathula	Mir-499	Vertebrata	2	P.spathula
Polyodon_spathula	Mir-551	Vertebrata	4	P.spathula
Polyodon_spathula	Mir-7	Bilateria	7	P.spathula
Polyodon_spathula	Mir-7147	Osteichthyes	1	P.spathula
Polyodon_spathula	Mir-722	Osteichthyes	2	P.spathula
Polyodon_spathula	Mir-727	Osteichthyes	1	P.spathula
Polyodon_spathula	Mir-737	Osteichthyes	2	P.spathula
Polyodon_spathula	Mir-8	Bilateria	6	P.spathula
Polyodon_spathula	Mir-9	Bilateria	7	P.spathula
Polyodon_spathula	Mir-92	Bilateria	9	P.spathula
Polyodon_spathula	Mir-96	Bilateria	6	P.spathula
Polypterus_senegalus	Let-7	Bilateria	12	P.senegalus
Polypterus_senegalus	Mir-1	Bilateria	3	P.senegalus
Polypterus_senegalus	Mir-10	Eumetazoa	7	P.senegalus
Polypterus_senegalus	Mir-101	Vertebrata	2	P.senegalus
Polypterus_senegalus	Mir-103	Deuterostomia	3	P.senegalus
Polypterus_senegalus	Mir-122	Vertebrata	1	P.senegalus
Polypterus_senegalus	Mir-124	Bilateria	4	P.senegalus
Polypterus_senegalus	Mir-126	Olfactores	1	P.senegalus
Polypterus_senegalus	Mir-128	Vertebrata	2	P.senegalus
Polypterus_senegalus	Mir-129	Chordata	3	P.senegalus
Polypterus_senegalus	Mir-130	Vertebrata	8	P.senegalus
Polypterus_senegalus	Mir-1306	Gnathostomata	1	P.senegalus
Polypterus_senegalus	Mir-132	Vertebrata	2	P.senegalus
Polypterus_senegalus	Mir-133	Bilateria	3	P.senegalus
Polypterus_senegalus	Mir-135	Chordata	2	P.senegalus
Polypterus_senegalus	Mir-137	Bilateria	2	P.senegalus
Polypterus_senegalus	Mir-138	Vertebrata	2	P.senegalus
Polypterus_senegalus	Mir-1388	Gnathostomata	1	P.senegalus
Polypterus_senegalus	Mir-139	Gnathostomata	1	P.senegalus
Polypterus_senegalus	Mir-140	Vertebrata	1	P.senegalus
Polypterus_senegalus	Mir-142	Vertebrata	1	P.senegalus
Polypterus_senegalus	Mir-143	Vertebrata	1	P.senegalus
Polypterus_senegalus	Mir-144	Vertebrata	1	P.senegalus
Polypterus_senegalus	Mir-145	Vertebrata	1	P.senegalus
Polypterus_senegalus	Mir-146	Vertebrata	1	P.senegalus
Polypterus_senegalus	Mir-147	Vertebrata	1	P.senegalus
Polypterus_senegalus	Mir-148	Vertebrata	4	P.senegalus
Polypterus_senegalus	Mir-15	Olfactores	7	P.senegalus
Polypterus_senegalus	Mir-150	Gnathostomata	1	P.senegalus
Polypterus_senegalus	Mir-153	Bilateria	2	P.senegalus
Polypterus_senegalus	Mir-155	Vertebrata	1	P.senegalus
Polypterus_senegalus	Mir-17	Vertebrata	7	P.senegalus
Polypterus_senegalus	Mir-1788	Vertebrata	1	P.senegalus
Polypterus_senegalus	Mir-181	Vertebrata	4	P.senegalus
Polypterus_senegalus	Mir-184	Bilateria	1	P.senegalus
Polypterus_senegalus	Mir-187	Osteichthyes	1	P.senegalus
Polypterus_senegalus	Mir-19	Vertebrata	4	P.senegalus
Polypterus_senegalus	Mir-190	Bilateria	2	P.senegalus
Polypterus_senegalus	Mir-192	Vertebrata	1	P.senegalus
Polypterus_senegalus	Mir-193	Bilateria	4	P.senegalus
Polypterus_senegalus	Mir-194	Vertebrata	1	P.senegalus
Polypterus_senegalus	Mir-196	Olfactores	3	P.senegalus
Polypterus_senegalus	Mir-199	Vertebrata	3	P.senegalus
Polypterus_senegalus	Mir-202	Vertebrata	1	P.senegalus
Polypterus_senegalus	Mir-203	Vertebrata	1	P.senegalus
Polypterus_senegalus	Mir-204	Vertebrata	3	P.senegalus
Polypterus_senegalus	Mir-205	Vertebrata	1	P.senegalus
Polypterus_senegalus	Mir-208	Vertebrata	3	P.senegalus
Polypterus_senegalus	Mir-21	Vertebrata	1	P.senegalus
Polypterus_senegalus	Mir-210	Bilateria	1	P.senegalus
Polypterus_senegalus	Mir-214	Gnathostomata	1	P.senegalus
Polypterus_senegalus	Mir-216	Bilateria	2	P.senegalus
Polypterus_senegalus	Mir-217	Chordata	1	P.senegalus
Polypterus_senegalus	Mir-218	Vertebrata	3	P.senegalus
Polypterus_senegalus	Mir-2188	Gnathostomata	1	P.senegalus
Polypterus_senegalus	Mir-219	Bilateria	2	P.senegalus
Polypterus_senegalus	Mir-22	Bilateria	1	P.senegalus
Polypterus_senegalus	Mir-221	Vertebrata	3	P.senegalus
Polypterus_senegalus	Mir-223	Vertebrata	1	P.senegalus
Polypterus_senegalus	Mir-23	Vertebrata	3	P.senegalus
Polypterus_senegalus	Mir-24	Vertebrata	3	P.senegalus
Polypterus_senegalus	Mir-26	Vertebrata	3	P.senegalus
Polypterus_senegalus	Mir-27	Vertebrata	3	P.senegalus
Polypterus_senegalus	Mir-29	Bilateria	4	P.senegalus
Polypterus_senegalus	Mir-30	Vertebrata	6	P.senegalus
Polypterus_senegalus	Mir-31	Bilateria	2	P.senegalus
Polypterus_senegalus	Mir-33	Bilateria	2	P.senegalus
Polypterus_senegalus	Mir-338	Vertebrata	1	P.senegalus
Polypterus_senegalus	Mir-34	Bilateria	5	P.senegalus
Polypterus_senegalus	Mir-375	Bilateria	1	P.senegalus
Polypterus_senegalus	Mir-451	Vertebrata	1	P.senegalus
Polypterus_senegalus	Mir-455	Vertebrata	1	P.senegalus
Polypterus_senegalus	Mir-456	Vertebrata	1	P.senegalus
Polypterus_senegalus	Mir-458	Osteichthyes	1	P.senegalus
Polypterus_senegalus	Mir-460	Osteichthyes	2	P.senegalus
Polypterus_senegalus	Mir-489	Osteichthyes	1	P.senegalus
Polypterus_senegalus	Mir-499	Vertebrata	1	P.senegalus
Polypterus_senegalus	Mir-551	Vertebrata	2	P.senegalus
Polypterus_senegalus	Mir-7	Bilateria	5	P.senegalus
Polypterus_senegalus	Mir-7147	Osteichthyes	1	P.senegalus
Polypterus_senegalus	Mir-722	Osteichthyes	1	P.senegalus
Polypterus_senegalus	Mir-725	Gnathostomata	1	P.senegalus
Polypterus_senegalus	Mir-726	Osteichthyes	1	P.senegalus
Polypterus_senegalus	Mir-737	Osteichthyes	1	P.senegalus
Polypterus_senegalus	Mir-8	Bilateria	3	P.senegalus
Polypterus_senegalus	Mir-9	Bilateria	4	P.senegalus
Polypterus_senegalus	Mir-92	Bilateria	4	P.senegalus
Polypterus_senegalus	Mir-96	Bilateria	3	P.senegalus
Protopterus_annectens	Let-7	Bilateria	14	P.annectens
Protopterus_annectens	Mir-1	Bilateria	4	P.annectens
Protopterus_annectens	Mir-10	Eumetazoa	8	P.annectens
Protopterus_annectens	Mir-101	Vertebrata	3	P.annectens
Protopterus_annectens	Mir-103	Deuterostomia	3	P.annectens
Protopterus_annectens	Mir-122	Vertebrata	1	P.annectens
Protopterus_annectens	Mir-124	Bilateria	4	P.annectens
Protopterus_annectens	Mir-126	Olfactores	1	P.annectens
Protopterus_annectens	Mir-128	Vertebrata	3	P.annectens
Protopterus_annectens	Mir-129	Chordata	3	P.annectens
Protopterus_annectens	Mir-130	Vertebrata	9	P.annectens
Protopterus_annectens	Mir-1306	Gnathostomata	1	P.annectens
Protopterus_annectens	Mir-132	Vertebrata	2	P.annectens
Protopterus_annectens	Mir-133	Bilateria	4	P.annectens
Protopterus_annectens	Mir-135	Chordata	3	P.annectens
Protopterus_annectens	Mir-137	Bilateria	2	P.annectens
Protopterus_annectens	Mir-138	Vertebrata	2	P.annectens
Protopterus_annectens	Mir-1388	Gnathostomata	1	P.annectens
Protopterus_annectens	Mir-139	Gnathostomata	1	P.annectens
Protopterus_annectens	Mir-140	Vertebrata	2	P.annectens
Protopterus_annectens	Mir-142	Vertebrata	2	P.annectens
Protopterus_annectens	Mir-143	Vertebrata	1	P.annectens
Protopterus_annectens	Mir-144	Vertebrata	1	P.annectens
Protopterus_annectens	Mir-145	Vertebrata	1	P.annectens
Protopterus_annectens	Mir-146	Vertebrata	3	P.annectens
Protopterus_annectens	Mir-147	Vertebrata	1	P.annectens
Protopterus_annectens	Mir-148	Vertebrata	3	P.annectens
Protopterus_annectens	Mir-15	Olfactores	10	P.annectens
Protopterus_annectens	Mir-150	Gnathostomata	1	P.annectens
Protopterus_annectens	Mir-153	Bilateria	2	P.annectens
Protopterus_annectens	Mir-155	Vertebrata	1	P.annectens
Protopterus_annectens	Mir-17	Vertebrata	10	P.annectens
Protopterus_annectens	Mir-1788	Vertebrata	1	P.annectens
Protopterus_annectens	Mir-181	Vertebrata	6	P.annectens
Protopterus_annectens	Mir-184	Bilateria	1	P.annectens
Protopterus_annectens	Mir-19	Vertebrata	4	P.annectens
Protopterus_annectens	Mir-190	Bilateria	1	P.annectens
Protopterus_annectens	Mir-191	Gnathostomata	1	P.annectens
Protopterus_annectens	Mir-192	Vertebrata	2	P.annectens
Protopterus_annectens	Mir-193	Bilateria	4	P.annectens
Protopterus_annectens	Mir-194	Vertebrata	2	P.annectens
Protopterus_annectens	Mir-196	Olfactores	2	P.annectens
Protopterus_annectens	Mir-199	Vertebrata	3	P.annectens
Protopterus_annectens	Mir-202	Vertebrata	1	P.annectens
Protopterus_annectens	Mir-203	Vertebrata	5	P.annectens
Protopterus_annectens	Mir-204	Vertebrata	3	P.annectens
Protopterus_annectens	Mir-205	Vertebrata	1	P.annectens
Protopterus_annectens	Mir-208	Vertebrata	2	P.annectens
Protopterus_annectens	Mir-21	Vertebrata	2	P.annectens
Protopterus_annectens	Mir-210	Bilateria	1	P.annectens
Protopterus_annectens	Mir-214	Gnathostomata	1	P.annectens
Protopterus_annectens	Mir-216	Bilateria	2	P.annectens
Protopterus_annectens	Mir-217	Chordata	1	P.annectens
Protopterus_annectens	Mir-218	Vertebrata	2	P.annectens
Protopterus_annectens	Mir-2184	Gnathostomata	1	P.annectens
Protopterus_annectens	Mir-2188	Gnathostomata	1	P.annectens
Protopterus_annectens	Mir-219	Bilateria	2	P.annectens
Protopterus_annectens	Mir-22	Bilateria	2	P.annectens
Protopterus_annectens	Mir-221	Vertebrata	3	P.annectens
Protopterus_annectens	Mir-223	Vertebrata	1	P.annectens
Protopterus_annectens	Mir-23	Vertebrata	3	P.annectens
Protopterus_annectens	Mir-24	Vertebrata	3	P.annectens
Protopterus_annectens	Mir-26	Vertebrata	3	P.annectens
Protopterus_annectens	Mir-27	Vertebrata	3	P.annectens
Protopterus_annectens	Mir-29	Bilateria	4	P.annectens
Protopterus_annectens	Mir-30	Vertebrata	6	P.annectens
Protopterus_annectens	Mir-31	Bilateria	1	P.annectens
Protopterus_annectens	Mir-33	Bilateria	2	P.annectens
Protopterus_annectens	Mir-338	Vertebrata	1	P.annectens
Protopterus_annectens	Mir-34	Bilateria	6	P.annectens
Protopterus_annectens	Mir-375	Bilateria	2	P.annectens
Protopterus_annectens	Mir-451	Vertebrata	1	P.annectens
Protopterus_annectens	Mir-455	Vertebrata	1	P.annectens
Protopterus_annectens	Mir-459	Vertebrata	1	P.annectens
Protopterus_annectens	Mir-460	Osteichthyes	1	P.annectens
Protopterus_annectens	Mir-489	Osteichthyes	1	P.annectens
Protopterus_annectens	Mir-499	Vertebrata	1	P.annectens
Protopterus_annectens	Mir-551	Vertebrata	1	P.annectens
Protopterus_annectens	Mir-7	Bilateria	4	P.annectens
Protopterus_annectens	Mir-7147	Osteichthyes	1	P.annectens
Protopterus_annectens	Mir-726	Osteichthyes	1	P.annectens
Protopterus_annectens	Mir-8	Bilateria	5	P.annectens
Protopterus_annectens	Mir-9	Bilateria	4	P.annectens
Protopterus_annectens	Mir-92	Bilateria	8	P.annectens
Protopterus_annectens	Mir-96	Bilateria	3	P.annectens
