species	mirna	FP	FPc	FN	FNc	TP	TPc	counts	hits	bitscore_cutoff
Drosophila_melanogaster	Bantam	0	0	0	0	1	1	1	1	46.7
Drosophila_melanogaster	Iab-4	0	0	0	0	1	1	1	1	73.6
Drosophila_melanogaster	Let-7	0	0	0	0	1	1	1	1	41.6
Drosophila_melanogaster	Mir-1	0	0	0	0	1	1	1	1	44.9
Drosophila_melanogaster	Mir-10	0	0	0	0	4	4	4	4	29.5
Drosophila_melanogaster	Mir-1000	0	0	0	0	1	1	1	1	64.2
Drosophila_melanogaster	Mir-1003	0	0	0	0	1	1	1	1	73.1
Drosophila_melanogaster	Mir-1006	0	0	0	0	1	1	1	1	86.3
Drosophila_melanogaster	Mir-1010	0	0	0	0	1	1	1	1	85
Drosophila_melanogaster	Mir-1175	0	0	0	0	1	1	1	1	50.3
Drosophila_melanogaster	Mir-12	0	0	0	0	1	1	1	1	49.3
Drosophila_melanogaster	Mir-124	0	0	0	0	1	1	1	1	37.7
Drosophila_melanogaster	Mir-133	0	0	0	0	1	1	1	1	40.1
Drosophila_melanogaster	Mir-137	0	0	0	0	1	1	1	1	43.7
Drosophila_melanogaster	Mir-14	0	0	0	0	1	1	1	1	62.8
Drosophila_melanogaster	Mir-153	0	0	0	0	0	0	0	0	57.8
Drosophila_melanogaster	Mir-184	0	0	0	0	1	1	1	1	44.2
Drosophila_melanogaster	Mir-190	0	0	0	0	1	1	1	1	46.2
Drosophila_melanogaster	Mir-193	0	0	0	0	1	1	1	1	40.6
Drosophila_melanogaster	Mir-1993	0	0	0	0	0	0	0	0	44.3
Drosophila_melanogaster	Mir-2	0	0	1	1	14	14	14	14	32.2
Drosophila_melanogaster	Mir-2001	0	0	0	0	1	1	1	1	50.6
Drosophila_melanogaster	Mir-210	0	0	0	0	1	1	1	1	42.2
Drosophila_melanogaster	Mir-216	0	0	0	0	2	2	2	2	38.9
Drosophila_melanogaster	Mir-219	0	0	0	0	1	1	1	1	44.7
Drosophila_melanogaster	Mir-22	0	0	0	0	1	1	1	1	43.8
Drosophila_melanogaster	Mir-242	0	0	0	0	0	0	0	0	50
Drosophila_melanogaster	Mir-252	0	0	1	1	2	2	3	2	35.7
Drosophila_melanogaster	Mir-275	0	0	0	0	1	1	1	1	57.2
Drosophila_melanogaster	Mir-276	0	0	0	0	2	2	2	2	55.6
Drosophila_melanogaster	Mir-2765	0	0	0	0	0	0	0	0	71.2
Drosophila_melanogaster	Mir-277	0	0	0	0	1	1	1	1	44.9
Drosophila_melanogaster	Mir-278	0	0	0	0	1	1	1	1	42.2
Drosophila_melanogaster	Mir-279	0	0	0	0	3	3	3	3	37.4
Drosophila_melanogaster	Mir-2796	0	0	0	0	0	0	0	0	74.7
Drosophila_melanogaster	Mir-281	0	0	0	0	2	2	2	2	46
Drosophila_melanogaster	Mir-282	0	0	0	0	1	1	1	1	51.5
Drosophila_melanogaster	Mir-284	0	0	0	0	1	1	1	1	98.7
Drosophila_melanogaster	Mir-29	0	0	0	0	3	3	3	3	36.7
Drosophila_melanogaster	Mir-3	0	0	0	0	3	3	3	3	40.7
Drosophila_melanogaster	Mir-3049	0	0	0	0	0	0	0	0	74.7
Drosophila_melanogaster	Mir-305	0	0	0	0	1	1	1	1	43.3
Drosophila_melanogaster	Mir-306	0	0	0	0	1	1	1	1	53.2
Drosophila_melanogaster	Mir-31	0	0	0	0	2	2	2	2	42.3
Drosophila_melanogaster	Mir-314	0	0	0	0	1	1	1	1	89.9
Drosophila_melanogaster	Mir-315	0	0	0	0	1	1	1	1	51
Drosophila_melanogaster	Mir-316	0	0	0	0	1	1	1	1	62.3
Drosophila_melanogaster	Mir-317	0	0	0	0	1	1	1	1	51
Drosophila_melanogaster	Mir-33	0	0	0	0	1	1	1	1	51.7
Drosophila_melanogaster	Mir-34	0	0	0	0	1	1	1	1	54.8
Drosophila_melanogaster	Mir-36	0	0	0	0	0	0	0	0	39.4
Drosophila_melanogaster	Mir-375	0	0	0	0	1	1	1	1	40.6
Drosophila_melanogaster	Mir-67	1	0	0	0	1	1	1	2	51.5
Drosophila_melanogaster	Mir-7	1	0	0	0	1	1	1	2	44.8
Drosophila_melanogaster	Mir-71	0	0	0	0	0	0	0	0	49.7
Drosophila_melanogaster	Mir-750	0	0	0	0	0	0	0	0	40.7
Drosophila_melanogaster	Mir-76	1	0	0	0	1	1	1	2	45.2
Drosophila_melanogaster	Mir-8	0	0	0	0	1	1	1	1	53.3
Drosophila_melanogaster	Mir-87	0	0	0	0	1	1	1	1	46.8
Drosophila_melanogaster	Mir-9	0	0	0	1	5	4	5	5	40.3
Drosophila_melanogaster	Mir-92	0	0	0	0	6	6	6	6	37.1
Drosophila_melanogaster	Mir-927	0	0	0	0	1	1	1	1	51.7
Drosophila_melanogaster	Mir-929	0	0	0	0	1	1	1	1	75.8
Drosophila_melanogaster	Mir-932	0	0	0	0	1	1	1	1	72.2
Drosophila_melanogaster	Mir-955	0	0	0	0	1	1	1	1	81.4
Drosophila_melanogaster	Mir-956	0	0	0	0	1	1	1	1	102
Drosophila_melanogaster	Mir-957	0	0	0	0	1	1	1	1	84.5
Drosophila_melanogaster	Mir-96	0	0	0	0	2	2	2	2	33.3
Drosophila_melanogaster	Mir-960	0	0	0	0	1	1	1	1	73.1
Drosophila_melanogaster	Mir-962	0	0	0	0	1	1	1	1	66.1
Drosophila_melanogaster	Mir-963	0	0	0	0	1	1	0	1	85.2
Drosophila_melanogaster	Mir-964	0	0	0	0	1	1	1	1	71.2
Drosophila_melanogaster	Mir-965	0	0	0	0	1	1	1	1	62.6
Drosophila_melanogaster	Mir-969	0	0	0	0	1	1	1	1	57.9
Drosophila_melanogaster	Mir-970	0	0	0	0	1	1	1	1	72.7
Drosophila_melanogaster	Mir-971	0	0	0	0	1	1	1	1	64.4
Drosophila_melanogaster	Mir-973	0	0	0	0	1	1	1	1	78.9
Drosophila_melanogaster	Mir-974	0	0	0	0	1	1	1	1	75.5
Drosophila_melanogaster	Mir-975	2	0	0	0	1	1	1	3	65.7
Drosophila_melanogaster	Mir-976	0	0	0	0	1	1	1	1	73
Drosophila_melanogaster	Mir-977	0	0	0	0	1	1	1	1	74.1
Drosophila_melanogaster	Mir-987	0	0	0	0	1	1	1	1	79.1
Drosophila_melanogaster	Mir-988	0	0	0	0	1	1	1	1	65.4
Drosophila_melanogaster	Mir-989	0	0	0	0	1	1	1	1	55.7
Drosophila_melanogaster	Mir-999	0	0	0	0	1	1	1	1	74.1
Drosophila_simulans	Bantam	0	0	0	0	1	1	1	1	46.7
Drosophila_simulans	Iab-4	0	0	0	0	1	1	1	1	73.6
Drosophila_simulans	Let-7	0	0	0	0	1	1	1	1	41.6
Drosophila_simulans	Mir-1	0	0	0	0	1	1	1	1	44.9
Drosophila_simulans	Mir-10	0	0	0	0	4	4	4	4	29.5
Drosophila_simulans	Mir-1000	0	0	0	0	1	1	1	1	64.2
Drosophila_simulans	Mir-1003	0	0	0	0	1	1	1	1	73.1
Drosophila_simulans	Mir-1006	0	0	0	0	1	1	1	1	86.3
Drosophila_simulans	Mir-1010	0	0	0	0	1	1	1	1	85
Drosophila_simulans	Mir-1175	0	0	0	0	1	1	1	1	50.3
Drosophila_simulans	Mir-12	0	0	0	0	1	1	1	1	49.3
Drosophila_simulans	Mir-124	0	0	0	0	1	1	1	1	37.7
Drosophila_simulans	Mir-133	0	0	0	0	1	1	1	1	40.1
Drosophila_simulans	Mir-137	0	0	0	0	1	1	1	1	43.7
Drosophila_simulans	Mir-14	0	0	0	0	1	1	1	1	62.8
Drosophila_simulans	Mir-153	0	0	0	0	0	0	0	0	57.8
Drosophila_simulans	Mir-184	0	0	0	0	1	1	1	1	44.2
Drosophila_simulans	Mir-190	0	0	0	0	1	1	1	1	46.2
Drosophila_simulans	Mir-193	0	0	0	0	1	1	1	1	40.6
Drosophila_simulans	Mir-1993	0	0	0	0	0	0	0	0	44.3
Drosophila_simulans	Mir-2	0	0	1	1	14	14	15	14	32.2
Drosophila_simulans	Mir-2001	0	0	0	0	1	1	1	1	50.6
Drosophila_simulans	Mir-210	1	0	0	0	1	1	1	2	42.2
Drosophila_simulans	Mir-216	0	0	0	0	2	2	2	2	38.9
Drosophila_simulans	Mir-219	0	0	0	0	1	1	1	1	44.7
Drosophila_simulans	Mir-22	0	0	0	0	1	1	1	1	43.8
Drosophila_simulans	Mir-242	0	0	0	0	0	0	0	0	50
Drosophila_simulans	Mir-252	0	0	1	1	2	2	3	2	35.7
Drosophila_simulans	Mir-275	0	0	0	0	1	1	1	1	57.2
Drosophila_simulans	Mir-276	0	0	0	0	2	2	2	2	55.6
Drosophila_simulans	Mir-2765	0	0	0	0	0	0	0	0	71.2
Drosophila_simulans	Mir-277	0	0	0	0	1	1	1	1	44.9
Drosophila_simulans	Mir-278	0	0	0	0	1	1	1	1	42.2
Drosophila_simulans	Mir-279	0	0	0	0	3	3	3	3	37.4
Drosophila_simulans	Mir-2796	0	0	0	0	0	0	0	0	74.7
Drosophila_simulans	Mir-281	0	0	0	0	2	2	2	2	46
Drosophila_simulans	Mir-282	0	0	0	0	1	1	1	1	51.5
Drosophila_simulans	Mir-284	0	0	0	0	1	1	1	1	98.7
Drosophila_simulans	Mir-29	0	0	0	0	3	3	3	3	36.7
Drosophila_simulans	Mir-3	0	0	0	0	3	3	3	3	40.7
Drosophila_simulans	Mir-3049	0	0	0	0	0	0	0	0	74.7
Drosophila_simulans	Mir-305	0	0	0	0	1	1	1	1	43.3
Drosophila_simulans	Mir-306	0	0	0	0	1	1	1	1	53.2
Drosophila_simulans	Mir-31	0	0	0	0	2	2	2	2	42.3
Drosophila_simulans	Mir-314	0	0	0	0	1	1	1	1	89.9
Drosophila_simulans	Mir-315	1	0	0	0	1	1	1	2	51
Drosophila_simulans	Mir-316	0	0	0	0	1	1	1	1	62.3
Drosophila_simulans	Mir-317	0	0	0	0	1	1	1	1	51
Drosophila_simulans	Mir-33	0	0	0	0	1	1	1	1	51.7
Drosophila_simulans	Mir-34	0	0	0	0	1	1	1	1	54.8
Drosophila_simulans	Mir-36	0	0	0	0	0	0	0	0	39.4
Drosophila_simulans	Mir-375	0	0	0	0	1	1	1	1	40.6
Drosophila_simulans	Mir-67	1	0	0	0	1	1	1	2	51.5
Drosophila_simulans	Mir-7	1	0	0	0	1	1	1	2	44.8
Drosophila_simulans	Mir-71	0	0	0	0	0	0	0	0	49.7
Drosophila_simulans	Mir-750	0	0	0	0	0	0	0	0	40.7
Drosophila_simulans	Mir-76	0	0	0	0	1	1	1	1	45.2
Drosophila_simulans	Mir-8	0	0	0	0	1	1	1	1	53.3
Drosophila_simulans	Mir-87	0	0	0	0	1	1	1	1	46.8
Drosophila_simulans	Mir-9	0	0	0	1	5	4	5	5	40.3
Drosophila_simulans	Mir-92	1	0	0	1	6	5	6	7	37.1
Drosophila_simulans	Mir-927	0	0	0	0	1	1	1	1	51.7
Drosophila_simulans	Mir-929	0	0	0	0	1	1	1	1	75.8
Drosophila_simulans	Mir-932	0	0	0	0	1	1	1	1	72.2
Drosophila_simulans	Mir-955	0	0	0	0	1	1	1	1	81.4
Drosophila_simulans	Mir-956	0	0	0	0	1	1	1	1	102
Drosophila_simulans	Mir-957	0	0	0	0	1	1	1	1	84.5
Drosophila_simulans	Mir-96	0	0	0	0	2	2	2	2	33.3
Drosophila_simulans	Mir-960	0	0	0	0	1	1	1	1	73.1
Drosophila_simulans	Mir-962	0	0	0	0	1	1	1	1	66.1
Drosophila_simulans	Mir-963	0	0	0	0	1	1	1	1	85.2
Drosophila_simulans	Mir-964	0	0	0	0	1	1	1	1	71.2
Drosophila_simulans	Mir-965	1	0	0	0	1	1	1	2	62.6
Drosophila_simulans	Mir-969	0	0	0	0	1	1	1	1	57.9
Drosophila_simulans	Mir-970	0	0	0	0	1	1	1	1	72.7
Drosophila_simulans	Mir-971	1	0	0	0	1	1	1	2	64.4
Drosophila_simulans	Mir-973	0	0	0	0	1	1	1	1	78.9
Drosophila_simulans	Mir-974	0	0	0	0	1	1	1	1	75.5
Drosophila_simulans	Mir-975	2	0	0	0	1	1	1	3	65.7
Drosophila_simulans	Mir-976	0	0	0	0	1	1	1	1	73
Drosophila_simulans	Mir-977	0	0	0	0	1	1	1	1	74.1
Drosophila_simulans	Mir-987	0	0	0	0	1	1	1	1	79.1
Drosophila_simulans	Mir-988	0	0	0	0	1	1	1	1	65.4
Drosophila_simulans	Mir-989	0	0	0	0	1	1	1	1	55.7
Drosophila_simulans	Mir-999	0	0	0	0	1	1	1	1	74.1
Drosophila_yakuba	Bantam	0	0	0	0	1	1	1	1	46.7
Drosophila_yakuba	Iab-4	0	0	0	0	1	1	1	1	73.6
Drosophila_yakuba	Let-7	0	0	0	0	1	1	1	1	41.6
Drosophila_yakuba	Mir-1	0	0	0	0	1	1	1	1	44.9
Drosophila_yakuba	Mir-10	0	0	0	0	4	4	4	4	29.5
Drosophila_yakuba	Mir-1000	0	0	0	0	1	1	1	1	64.2
Drosophila_yakuba	Mir-1003	0	0	0	0	1	1	1	1	73.1
Drosophila_yakuba	Mir-1006	0	0	0	0	1	1	1	1	86.3
Drosophila_yakuba	Mir-1010	0	0	0	0	1	1	1	1	85
Drosophila_yakuba	Mir-1175	0	0	0	0	2	2	2	2	50.3
Drosophila_yakuba	Mir-12	0	0	0	0	0	0	0	0	49.3
Drosophila_yakuba	Mir-124	0	0	0	0	1	1	1	1	37.7
Drosophila_yakuba	Mir-133	0	0	0	0	1	1	1	1	40.1
Drosophila_yakuba	Mir-137	0	0	0	0	1	1	1	1	43.7
Drosophila_yakuba	Mir-14	0	0	0	0	1	1	1	1	62.8
Drosophila_yakuba	Mir-153	0	0	0	0	0	0	0	0	57.8
Drosophila_yakuba	Mir-184	0	0	0	0	1	1	1	1	44.2
Drosophila_yakuba	Mir-190	0	0	0	0	1	1	1	1	46.2
Drosophila_yakuba	Mir-193	1	1	0	0	1	1	1	2	40.6
Drosophila_yakuba	Mir-1993	0	0	0	0	0	0	0	0	44.3
Drosophila_yakuba	Mir-2	0	0	2	2	13	13	15	13	32.2
Drosophila_yakuba	Mir-2001	0	0	0	0	1	1	1	1	50.6
Drosophila_yakuba	Mir-210	0	0	0	0	1	1	1	1	42.2
Drosophila_yakuba	Mir-216	0	0	0	0	2	2	2	2	38.9
Drosophila_yakuba	Mir-219	0	0	0	0	1	1	1	1	44.7
Drosophila_yakuba	Mir-22	0	0	0	0	1	1	1	1	43.8
Drosophila_yakuba	Mir-242	0	0	0	0	0	0	0	0	50
Drosophila_yakuba	Mir-252	0	0	1	1	2	2	3	2	35.7
Drosophila_yakuba	Mir-275	0	0	0	0	1	1	1	1	57.2
Drosophila_yakuba	Mir-276	0	0	0	0	2	2	2	2	55.6
Drosophila_yakuba	Mir-2765	0	0	0	0	0	0	0	0	71.2
Drosophila_yakuba	Mir-277	0	0	0	0	1	1	1	1	44.9
Drosophila_yakuba	Mir-278	0	0	0	0	1	1	1	1	42.2
Drosophila_yakuba	Mir-279	0	0	0	0	3	3	3	3	37.4
Drosophila_yakuba	Mir-2796	0	0	0	0	0	0	0	0	74.7
Drosophila_yakuba	Mir-281	0	0	0	0	2	2	2	2	46
Drosophila_yakuba	Mir-282	0	0	0	0	1	1	1	1	51.5
Drosophila_yakuba	Mir-284	0	0	0	0	1	1	1	1	98.7
Drosophila_yakuba	Mir-29	0	0	0	0	3	3	3	3	36.7
Drosophila_yakuba	Mir-3	0	0	0	0	3	3	3	3	40.7
Drosophila_yakuba	Mir-3049	0	0	0	0	0	0	0	0	74.7
Drosophila_yakuba	Mir-305	0	0	0	0	1	1	1	1	43.3
Drosophila_yakuba	Mir-306	0	0	0	0	1	1	1	1	53.2
Drosophila_yakuba	Mir-31	0	0	0	0	2	2	2	2	42.3
Drosophila_yakuba	Mir-314	0	0	0	0	1	1	1	1	89.9
Drosophila_yakuba	Mir-315	1	1	0	0	1	1	1	2	51
Drosophila_yakuba	Mir-316	1	1	0	0	1	1	1	2	62.3
Drosophila_yakuba	Mir-317	0	0	0	0	1	1	1	1	51
Drosophila_yakuba	Mir-33	0	0	0	0	1	1	1	1	51.7
Drosophila_yakuba	Mir-34	0	0	0	0	1	1	1	1	54.8
Drosophila_yakuba	Mir-36	0	0	0	0	0	0	0	0	39.4
Drosophila_yakuba	Mir-375	0	0	0	0	1	1	1	1	40.6
Drosophila_yakuba	Mir-67	1	0	0	0	1	1	1	2	51.5
Drosophila_yakuba	Mir-7	1	0	0	0	1	1	1	2	44.8
Drosophila_yakuba	Mir-71	0	0	0	0	0	0	0	0	49.7
Drosophila_yakuba	Mir-750	0	0	0	0	0	0	0	0	40.7
Drosophila_yakuba	Mir-76	0	0	0	0	1	1	1	1	45.2
Drosophila_yakuba	Mir-8	0	0	0	0	1	1	1	1	53.3
Drosophila_yakuba	Mir-87	0	0	0	0	1	1	1	1	46.8
Drosophila_yakuba	Mir-9	1	1	0	0	5	5	5	6	40.3
Drosophila_yakuba	Mir-92	0	0	0	0	6	6	6	6	37.1
Drosophila_yakuba	Mir-927	0	0	0	0	1	1	1	1	51.7
Drosophila_yakuba	Mir-929	0	0	0	0	1	1	1	1	75.8
Drosophila_yakuba	Mir-932	0	0	0	0	1	1	1	1	72.2
Drosophila_yakuba	Mir-955	0	0	0	0	1	1	1	1	81.4
Drosophila_yakuba	Mir-956	0	0	0	0	1	1	1	1	102
Drosophila_yakuba	Mir-957	0	0	0	0	2	2	2	2	84.5
Drosophila_yakuba	Mir-96	1	1	0	0	2	2	2	3	33.3
Drosophila_yakuba	Mir-960	0	0	0	0	1	1	1	1	73.1
Drosophila_yakuba	Mir-962	0	0	0	0	1	1	1	1	66.1
Drosophila_yakuba	Mir-963	0	0	0	0	1	1	1	1	85.2
Drosophila_yakuba	Mir-964	0	0	0	0	1	1	1	1	71.2
Drosophila_yakuba	Mir-965	0	0	0	0	1	1	1	1	62.6
Drosophila_yakuba	Mir-969	0	0	0	0	1	1	1	1	57.9
Drosophila_yakuba	Mir-970	0	0	0	0	1	1	1	1	72.7
Drosophila_yakuba	Mir-971	0	0	0	0	1	1	1	1	64.4
Drosophila_yakuba	Mir-973	0	0	0	0	0	0	0	0	78.9
Drosophila_yakuba	Mir-974	0	0	0	0	0	0	0	0	75.5
Drosophila_yakuba	Mir-975	0	0	0	0	1	1	1	1	65.7
Drosophila_yakuba	Mir-976	0	0	0	0	1	1	1	1	73
Drosophila_yakuba	Mir-977	0	0	0	0	1	1	1	1	74.1
Drosophila_yakuba	Mir-987	0	0	0	0	1	1	1	1	79.1
Drosophila_yakuba	Mir-988	0	0	0	0	1	1	1	1	65.4
Drosophila_yakuba	Mir-989	0	0	0	0	1	1	1	1	55.7
Drosophila_yakuba	Mir-999	0	0	0	0	1	1	1	1	74.1
Drosophila_ananassae	Bantam	0	0	0	0	1	1	1	1	46.7
Drosophila_ananassae	Iab-4	0	0	0	0	1	1	1	1	73.6
Drosophila_ananassae	Let-7	0	0	0	0	1	1	1	1	41.6
Drosophila_ananassae	Mir-1	2	0	0	0	1	1	1	3	44.9
Drosophila_ananassae	Mir-10	0	0	0	0	4	4	4	4	29.5
Drosophila_ananassae	Mir-1000	0	0	0	0	1	1	1	1	64.2
Drosophila_ananassae	Mir-1003	0	0	0	0	1	1	1	1	73.1
Drosophila_ananassae	Mir-1006	0	0	0	0	1	1	1	1	86.3
Drosophila_ananassae	Mir-1010	0	0	0	0	1	1	1	1	85
Drosophila_ananassae	Mir-1175	0	0	0	0	1	1	1	1	50.3
Drosophila_ananassae	Mir-12	0	0	0	0	1	1	1	1	49.3
Drosophila_ananassae	Mir-124	0	0	0	0	1	1	1	1	37.7
Drosophila_ananassae	Mir-133	0	0	0	0	1	1	1	1	40.1
Drosophila_ananassae	Mir-137	0	0	0	0	1	1	1	1	43.7
Drosophila_ananassae	Mir-14	0	0	0	0	1	1	1	1	62.8
Drosophila_ananassae	Mir-153	0	0	0	0	0	0	0	0	57.8
Drosophila_ananassae	Mir-184	0	0	0	0	1	1	1	1	44.2
Drosophila_ananassae	Mir-190	0	0	0	0	1	1	1	1	46.2
Drosophila_ananassae	Mir-193	0	0	0	0	1	1	1	1	40.6
Drosophila_ananassae	Mir-1993	0	0	0	0	0	0	0	0	44.3
Drosophila_ananassae	Mir-2	0	0	0	0	15	15	15	15	32.2
Drosophila_ananassae	Mir-2001	0	0	0	0	1	1	1	1	50.6
Drosophila_ananassae	Mir-210	0	0	0	0	1	1	1	1	42.2
Drosophila_ananassae	Mir-216	0	0	0	0	2	2	2	2	38.9
Drosophila_ananassae	Mir-219	0	0	0	0	1	1	1	1	44.7
Drosophila_ananassae	Mir-22	0	0	0	0	1	1	1	1	43.8
Drosophila_ananassae	Mir-242	0	0	0	0	0	0	0	0	50
Drosophila_ananassae	Mir-252	0	0	2	2	1	1	3	1	35.7
Drosophila_ananassae	Mir-275	0	0	0	0	1	1	1	1	57.2
Drosophila_ananassae	Mir-276	0	0	0	0	2	2	2	2	55.6
Drosophila_ananassae	Mir-2765	0	0	0	0	0	0	0	0	71.2
Drosophila_ananassae	Mir-277	0	0	0	0	1	1	1	1	44.9
Drosophila_ananassae	Mir-278	0	0	0	0	1	1	1	1	42.2
Drosophila_ananassae	Mir-279	0	0	0	0	3	3	3	3	37.4
Drosophila_ananassae	Mir-2796	0	0	0	0	0	0	0	0	74.7
Drosophila_ananassae	Mir-281	0	0	0	0	2	2	2	2	46
Drosophila_ananassae	Mir-282	0	0	0	0	1	1	1	1	51.5
Drosophila_ananassae	Mir-284	0	0	0	0	1	1	1	1	98.7
Drosophila_ananassae	Mir-29	0	0	0	0	3	3	3	3	36.7
Drosophila_ananassae	Mir-3	0	0	0	0	3	3	3	3	40.7
Drosophila_ananassae	Mir-3049	0	0	0	0	0	0	0	0	74.7
Drosophila_ananassae	Mir-305	0	0	0	0	1	1	1	1	43.3
Drosophila_ananassae	Mir-306	0	0	0	0	1	1	1	1	53.2
Drosophila_ananassae	Mir-31	0	0	0	0	2	2	2	2	42.3
Drosophila_ananassae	Mir-314	0	0	0	0	1	1	1	1	89.9
Drosophila_ananassae	Mir-315	0	0	0	0	1	1	1	1	51
Drosophila_ananassae	Mir-316	0	0	0	0	1	1	1	1	62.3
Drosophila_ananassae	Mir-317	0	0	0	0	1	1	1	1	51
Drosophila_ananassae	Mir-33	0	0	0	0	1	1	1	1	51.7
Drosophila_ananassae	Mir-34	0	0	0	0	1	1	1	1	54.8
Drosophila_ananassae	Mir-36	0	0	0	0	0	0	0	0	39.4
Drosophila_ananassae	Mir-375	0	0	0	0	1	1	1	1	40.6
Drosophila_ananassae	Mir-67	0	0	0	0	1	1	1	1	51.5
Drosophila_ananassae	Mir-7	0	0	0	0	1	1	1	1	44.8
Drosophila_ananassae	Mir-71	0	0	0	0	0	0	0	0	49.7
Drosophila_ananassae	Mir-750	0	0	0	0	0	0	0	0	40.7
Drosophila_ananassae	Mir-76	0	0	0	0	1	1	1	1	45.2
Drosophila_ananassae	Mir-8	1	0	0	0	1	1	1	2	53.3
Drosophila_ananassae	Mir-87	0	0	0	0	1	1	1	1	46.8
Drosophila_ananassae	Mir-9	0	0	0	1	5	4	5	5	40.3
Drosophila_ananassae	Mir-92	1	1	0	0	6	6	6	7	37.1
Drosophila_ananassae	Mir-927	0	0	0	0	1	1	1	1	51.7
Drosophila_ananassae	Mir-929	0	0	0	0	1	1	1	1	75.8
Drosophila_ananassae	Mir-932	0	0	0	0	1	1	1	1	72.2
Drosophila_ananassae	Mir-955	0	0	0	0	1	1	1	1	81.4
Drosophila_ananassae	Mir-956	0	0	0	0	1	1	1	1	102
Drosophila_ananassae	Mir-957	0	0	0	0	1	1	1	1	84.5
Drosophila_ananassae	Mir-96	0	0	0	0	2	2	2	2	33.3
Drosophila_ananassae	Mir-960	0	0	0	0	1	1	1	1	73.1
Drosophila_ananassae	Mir-962	0	0	0	0	1	1	1	1	66.1
Drosophila_ananassae	Mir-963	0	0	0	0	1	1	1	1	85.2
Drosophila_ananassae	Mir-964	0	0	0	0	1	1	1	1	71.2
Drosophila_ananassae	Mir-965	0	0	0	0	1	1	1	1	62.6
Drosophila_ananassae	Mir-969	0	0	0	0	1	1	1	1	57.9
Drosophila_ananassae	Mir-970	0	0	0	0	1	1	1	1	72.7
Drosophila_ananassae	Mir-971	0	0	0	0	1	1	1	1	64.4
Drosophila_ananassae	Mir-973	0	0	0	0	1	1	1	1	78.9
Drosophila_ananassae	Mir-974	0	0	0	0	1	1	1	1	75.5
Drosophila_ananassae	Mir-975	0	0	0	0	1	1	1	1	65.7
Drosophila_ananassae	Mir-976	0	0	0	0	1	1	1	1	73
Drosophila_ananassae	Mir-977	0	0	0	0	1	1	1	1	74.1
Drosophila_ananassae	Mir-987	0	0	0	0	1	1	1	1	79.1
Drosophila_ananassae	Mir-988	0	0	0	0	1	1	1	1	65.4
Drosophila_ananassae	Mir-989	0	0	0	0	1	1	1	1	55.7
Drosophila_ananassae	Mir-999	0	0	0	0	1	1	1	1	74.1
Drosophila_mojavensis	Bantam	0	0	0	0	1	1	1	1	46.7
Drosophila_mojavensis	Iab-4	0	0	0	0	1	1	1	1	73.6
Drosophila_mojavensis	Let-7	0	0	0	0	1	1	1	1	41.6
Drosophila_mojavensis	Mir-1	0	0	0	0	1	1	1	1	44.9
Drosophila_mojavensis	Mir-10	0	0	0	0	4	4	4	4	29.5
Drosophila_mojavensis	Mir-1000	0	0	0	0	1	1	1	1	64.2
Drosophila_mojavensis	Mir-1003	0	0	0	0	1	1	1	1	73.1
Drosophila_mojavensis	Mir-1006	0	0	0	0	1	1	1	1	86.3
Drosophila_mojavensis	Mir-1010	0	0	0	0	1	1	1	1	85
Drosophila_mojavensis	Mir-1175	0	0	0	0	1	1	1	1	50.3
Drosophila_mojavensis	Mir-12	0	0	0	0	1	1	1	1	49.3
Drosophila_mojavensis	Mir-124	0	0	0	0	1	1	1	1	37.7
Drosophila_mojavensis	Mir-133	0	0	0	0	1	1	1	1	40.1
Drosophila_mojavensis	Mir-137	1	0	0	0	1	1	1	2	43.7
Drosophila_mojavensis	Mir-14	0	0	0	0	1	1	1	1	62.8
Drosophila_mojavensis	Mir-153	0	0	0	0	0	0	0	0	57.8
Drosophila_mojavensis	Mir-184	0	0	0	0	1	1	1	1	44.2
Drosophila_mojavensis	Mir-190	0	0	0	0	1	1	1	1	46.2
Drosophila_mojavensis	Mir-193	0	0	0	0	1	1	1	1	40.6
Drosophila_mojavensis	Mir-1993	0	0	0	0	0	0	0	0	44.3
Drosophila_mojavensis	Mir-2	0	0	1	1	13	13	13	13	32.2
Drosophila_mojavensis	Mir-2001	0	0	0	0	1	1	1	1	50.6
Drosophila_mojavensis	Mir-210	0	0	0	0	1	1	1	1	42.2
Drosophila_mojavensis	Mir-216	0	0	0	0	2	2	2	2	38.9
Drosophila_mojavensis	Mir-219	0	0	0	0	1	1	1	1	44.7
Drosophila_mojavensis	Mir-22	0	0	0	0	1	1	1	1	43.8
Drosophila_mojavensis	Mir-242	0	0	0	0	0	0	0	0	50
Drosophila_mojavensis	Mir-252	0	0	1	1	2	2	3	2	35.7
Drosophila_mojavensis	Mir-275	0	0	0	0	1	1	1	1	57.2
Drosophila_mojavensis	Mir-276	0	0	0	0	2	2	2	2	55.6
Drosophila_mojavensis	Mir-2765	0	0	0	0	0	0	0	0	71.2
Drosophila_mojavensis	Mir-277	0	0	0	0	1	1	1	1	44.9
Drosophila_mojavensis	Mir-278	0	0	0	0	1	1	1	1	42.2
Drosophila_mojavensis	Mir-279	0	0	0	0	3	3	3	3	37.4
Drosophila_mojavensis	Mir-2796	0	0	0	0	0	0	0	0	74.7
Drosophila_mojavensis	Mir-281	0	0	0	0	2	2	2	2	46
Drosophila_mojavensis	Mir-282	0	0	0	0	1	1	1	1	51.5
Drosophila_mojavensis	Mir-284	0	0	0	0	1	1	1	1	98.7
Drosophila_mojavensis	Mir-29	0	0	0	0	3	3	3	3	36.7
Drosophila_mojavensis	Mir-3	0	0	0	0	3	3	3	3	40.7
Drosophila_mojavensis	Mir-3049	0	0	0	0	0	0	0	0	74.7
Drosophila_mojavensis	Mir-305	0	0	0	0	1	1	1	1	43.3
Drosophila_mojavensis	Mir-306	0	0	0	0	1	1	1	1	53.2
Drosophila_mojavensis	Mir-31	0	0	0	0	2	2	2	2	42.3
Drosophila_mojavensis	Mir-314	0	0	0	0	1	1	1	1	89.9
Drosophila_mojavensis	Mir-315	0	0	0	0	1	1	1	1	51
Drosophila_mojavensis	Mir-316	1	0	0	0	1	1	1	2	62.3
Drosophila_mojavensis	Mir-317	0	0	0	0	1	1	1	1	51
Drosophila_mojavensis	Mir-33	0	0	0	0	1	1	1	1	51.7
Drosophila_mojavensis	Mir-34	0	0	0	0	1	1	1	1	54.8
Drosophila_mojavensis	Mir-36	0	0	0	0	0	0	0	0	39.4
Drosophila_mojavensis	Mir-375	0	0	0	0	1	1	1	1	40.6
Drosophila_mojavensis	Mir-67	0	0	0	0	1	1	1	1	51.5
Drosophila_mojavensis	Mir-7	0	0	0	0	1	1	1	1	44.8
Drosophila_mojavensis	Mir-71	0	0	0	0	0	0	0	0	49.7
Drosophila_mojavensis	Mir-750	0	0	0	0	0	0	0	0	40.7
Drosophila_mojavensis	Mir-76	0	0	0	0	1	1	1	1	45.2
Drosophila_mojavensis	Mir-8	0	0	0	0	1	1	1	1	53.3
Drosophila_mojavensis	Mir-87	0	0	0	0	1	1	1	1	46.8
Drosophila_mojavensis	Mir-9	0	0	0	1	5	4	5	5	40.3
Drosophila_mojavensis	Mir-92	0	0	0	0	5	5	5	5	37.1
Drosophila_mojavensis	Mir-927	0	0	0	0	1	1	1	1	51.7
Drosophila_mojavensis	Mir-929	0	0	0	0	1	1	1	1	75.8
Drosophila_mojavensis	Mir-932	0	0	0	0	1	1	1	1	72.2
Drosophila_mojavensis	Mir-955	0	0	0	0	1	1	1	1	81.4
Drosophila_mojavensis	Mir-956	0	0	0	0	1	1	1	1	102
Drosophila_mojavensis	Mir-957	0	0	0	0	1	1	1	1	84.5
Drosophila_mojavensis	Mir-96	0	0	0	0	1	1	1	1	33.3
Drosophila_mojavensis	Mir-960	0	0	0	0	1	1	1	1	73.1
Drosophila_mojavensis	Mir-962	0	0	0	0	1	1	1	1	66.1
Drosophila_mojavensis	Mir-963	0	0	0	0	1	1	0	1	85.2
Drosophila_mojavensis	Mir-964	0	0	0	0	1	1	1	1	71.2
Drosophila_mojavensis	Mir-965	0	0	0	0	1	1	1	1	62.6
Drosophila_mojavensis	Mir-969	0	0	0	0	1	1	1	1	57.9
Drosophila_mojavensis	Mir-970	0	0	0	0	1	1	1	1	72.7
Drosophila_mojavensis	Mir-971	0	0	0	0	1	1	1	1	64.4
Drosophila_mojavensis	Mir-973	0	0	0	0	1	1	1	1	78.9
Drosophila_mojavensis	Mir-974	1	0	0	0	1	1	1	2	75.5
Drosophila_mojavensis	Mir-975	2	0	0	0	1	1	1	3	65.7
Drosophila_mojavensis	Mir-976	0	0	0	0	1	1	1	1	73
Drosophila_mojavensis	Mir-977	0	0	0	0	1	1	1	1	74.1
Drosophila_mojavensis	Mir-987	0	0	0	0	1	1	1	1	79.1
Drosophila_mojavensis	Mir-988	0	0	0	0	1	1	1	1	65.4
Drosophila_mojavensis	Mir-989	0	0	0	0	1	1	1	1	55.7
Drosophila_mojavensis	Mir-999	1	0	0	0	1	1	1	2	74.1
Aedes_aegypti	Bantam	1	0	0	0	1	1	1	2	46.7
Aedes_aegypti	Iab-4	1	0	0	0	2	2	2	3	73.6
Aedes_aegypti	Let-7	0	0	0	0	1	1	1	1	41.6
Aedes_aegypti	Mir-1	1	0	0	0	1	1	1	2	44.9
Aedes_aegypti	Mir-10	1	1	0	0	4	4	3	5	29.5
Aedes_aegypti	Mir-1000	0	0	0	0	2	2	2	2	64.2
Aedes_aegypti	Mir-1175	0	0	0	0	1	1	1	1	50.3
Aedes_aegypti	Mir-12	0	0	0	0	1	1	1	1	49.3
Aedes_aegypti	Mir-124	0	0	0	0	1	1	1	1	37.7
Aedes_aegypti	Mir-133	0	0	0	0	1	1	1	1	40.1
Aedes_aegypti	Mir-137	0	0	0	0	2	2	2	2	43.7
Aedes_aegypti	Mir-14	0	0	0	0	1	1	1	1	62.8
Aedes_aegypti	Mir-153	0	0	0	0	0	0	0	0	57.8
Aedes_aegypti	Mir-184	0	0	0	0	1	1	1	1	44.2
Aedes_aegypti	Mir-190	0	0	0	0	1	1	1	1	46.2
Aedes_aegypti	Mir-193	1	0	0	0	1	1	1	2	40.6
Aedes_aegypti	Mir-1993	1	0	0	0	0	0	0	1	44.3
Aedes_aegypti	Mir-2	0	0	3	3	5	5	8	5	32.2
Aedes_aegypti	Mir-2001	0	0	0	0	0	0	0	0	50.6
Aedes_aegypti	Mir-210	0	0	0	0	1	1	1	1	42.2
Aedes_aegypti	Mir-216	0	0	0	0	2	2	2	2	38.9
Aedes_aegypti	Mir-219	0	0	0	0	1	1	1	1	44.7
Aedes_aegypti	Mir-22	0	0	0	0	1	1	1	1	43.8
Aedes_aegypti	Mir-242	0	0	0	0	0	0	0	0	50
Aedes_aegypti	Mir-252	0	0	0	0	1	1	1	1	35.7
Aedes_aegypti	Mir-275	0	0	0	0	1	1	1	1	57.2
Aedes_aegypti	Mir-276	0	0	0	0	2	2	2	2	55.6
Aedes_aegypti	Mir-2765	0	0	0	0	1	1	1	1	71.2
Aedes_aegypti	Mir-277	0	0	0	0	1	1	1	1	44.9
Aedes_aegypti	Mir-278	0	0	0	0	1	1	1	1	42.2
Aedes_aegypti	Mir-279	0	0	0	0	6	6	6	6	37.4
Aedes_aegypti	Mir-2796	0	0	0	0	1	1	1	1	74.7
Aedes_aegypti	Mir-281	0	0	0	0	1	1	1	1	46
Aedes_aegypti	Mir-282	3	0	0	0	2	2	2	5	51.5
Aedes_aegypti	Mir-29	0	0	0	0	2	2	2	2	36.7
Aedes_aegypti	Mir-3	0	0	0	0	3	3	3	3	40.7
Aedes_aegypti	Mir-3049	0	0	0	0	0	0	0	0	74.7
Aedes_aegypti	Mir-305	1	0	0	0	1	1	1	2	43.3
Aedes_aegypti	Mir-306	0	0	0	0	1	1	1	1	53.2
Aedes_aegypti	Mir-31	0	0	0	0	1	1	1	1	42.3
Aedes_aegypti	Mir-315	0	0	0	0	1	1	1	1	51
Aedes_aegypti	Mir-316	0	0	0	0	1	1	1	1	62.3
Aedes_aegypti	Mir-317	0	0	0	0	2	2	2	2	51
Aedes_aegypti	Mir-33	0	0	0	0	1	1	1	1	51.7
Aedes_aegypti	Mir-34	0	0	0	0	1	1	1	1	54.8
Aedes_aegypti	Mir-36	0	0	0	0	0	0	0	0	39.4
Aedes_aegypti	Mir-375	0	0	0	0	1	1	1	1	40.6
Aedes_aegypti	Mir-67	3	0	0	0	1	1	1	4	51.5
Aedes_aegypti	Mir-7	0	0	0	0	1	1	1	1	44.8
Aedes_aegypti	Mir-71	1	0	0	0	1	1	1	2	49.7
Aedes_aegypti	Mir-750	0	0	1	1	0	0	1	0	40.7
Aedes_aegypti	Mir-76	0	0	0	0	1	1	1	1	45.2
Aedes_aegypti	Mir-8	0	0	0	0	1	1	1	1	53.3
Aedes_aegypti	Mir-87	3	0	0	0	1	1	1	4	46.8
Aedes_aegypti	Mir-9	0	0	0	0	5	5	5	5	40.3
Aedes_aegypti	Mir-92	0	0	0	0	2	2	2	2	37.1
Aedes_aegypti	Mir-927	0	0	0	0	2	2	2	2	51.7
Aedes_aegypti	Mir-929	0	0	0	0	2	2	2	2	75.8
Aedes_aegypti	Mir-932	0	0	0	0	1	1	1	1	72.2
Aedes_aegypti	Mir-957	1	0	0	0	1	1	1	2	84.5
Aedes_aegypti	Mir-96	0	0	0	0	2	2	2	2	33.3
Aedes_aegypti	Mir-965	0	0	0	0	1	1	1	1	62.6
Aedes_aegypti	Mir-970	0	0	0	0	1	1	1	1	72.7
Aedes_aegypti	Mir-971	0	0	0	0	1	1	1	1	64.4
Aedes_aegypti	Mir-988	0	0	0	0	1	1	1	1	65.4
Aedes_aegypti	Mir-989	0	0	0	0	1	1	1	1	55.7
Aedes_aegypti	Mir-999	0	0	0	0	1	1	1	1	74.1
Heliconius_melpomene	Bantam	0	0	0	0	1	1	1	1	46.7
Heliconius_melpomene	Iab-4	0	0	0	0	1	1	1	1	73.6
Heliconius_melpomene	Let-7	1	1	0	0	1	1	1	2	41.6
Heliconius_melpomene	Mir-1	1	0	0	0	1	1	1	2	44.9
Heliconius_melpomene	Mir-10	0	0	0	0	2	2	1	2	29.5
Heliconius_melpomene	Mir-1000	0	0	0	0	1	1	1	1	64.2
Heliconius_melpomene	Mir-1175	0	0	0	0	1	1	1	1	50.3
Heliconius_melpomene	Mir-12	0	0	1	1	0	0	1	0	49.3
Heliconius_melpomene	Mir-124	0	0	0	0	1	1	1	1	37.7
Heliconius_melpomene	Mir-133	0	0	0	0	1	1	1	1	40.1
Heliconius_melpomene	Mir-137	1	0	0	0	1	1	1	2	43.7
Heliconius_melpomene	Mir-14	1	0	0	0	1	1	1	2	62.8
Heliconius_melpomene	Mir-153	0	0	0	0	0	0	0	0	57.8
Heliconius_melpomene	Mir-184	0	0	0	0	1	1	1	1	44.2
Heliconius_melpomene	Mir-190	0	0	0	0	1	1	1	1	46.2
Heliconius_melpomene	Mir-193	0	0	0	0	2	2	2	2	40.6
Heliconius_melpomene	Mir-1993	0	0	0	0	0	0	0	0	44.3
Heliconius_melpomene	Mir-2	1	1	2	2	5	5	5	6	32.2
Heliconius_melpomene	Mir-2001	0	0	0	0	1	1	1	1	50.6
Heliconius_melpomene	Mir-210	0	0	0	0	2	2	2	2	42.2
Heliconius_melpomene	Mir-216	0	0	0	0	2	2	2	2	38.9
Heliconius_melpomene	Mir-219	0	0	0	0	0	0	0	0	44.7
Heliconius_melpomene	Mir-22	0	0	0	0	1	1	1	1	43.8
Heliconius_melpomene	Mir-242	1	0	0	0	0	0	0	1	50
Heliconius_melpomene	Mir-252	1	1	1	1	1	1	2	2	35.7
Heliconius_melpomene	Mir-275	0	0	0	0	1	1	1	1	57.2
Heliconius_melpomene	Mir-276	1	0	0	0	1	1	1	2	55.6
Heliconius_melpomene	Mir-2765	0	0	0	0	1	1	1	1	71.2
Heliconius_melpomene	Mir-277	0	0	0	0	1	1	1	1	44.9
Heliconius_melpomene	Mir-278	0	0	0	0	1	1	1	1	42.2
Heliconius_melpomene	Mir-279	0	0	0	0	4	4	4	4	37.4
Heliconius_melpomene	Mir-2796	0	0	0	0	1	1	1	1	74.7
Heliconius_melpomene	Mir-281	0	0	0	0	1	1	1	1	46
Heliconius_melpomene	Mir-282	0	0	0	0	1	1	1	1	51.5
Heliconius_melpomene	Mir-29	0	0	0	0	2	2	2	2	36.7
Heliconius_melpomene	Mir-3	1	0	1	1	13	13	14	14	40.7
Heliconius_melpomene	Mir-3049	0	0	0	0	0	0	0	0	74.7
Heliconius_melpomene	Mir-305	0	0	0	0	1	1	1	1	43.3
Heliconius_melpomene	Mir-306	0	0	0	0	1	1	1	1	53.2
Heliconius_melpomene	Mir-31	0	0	0	0	1	1	1	1	42.3
Heliconius_melpomene	Mir-315	0	0	0	0	0	0	0	0	51
Heliconius_melpomene	Mir-316	0	0	0	0	1	1	1	1	62.3
Heliconius_melpomene	Mir-317	0	0	0	0	1	1	1	1	51
Heliconius_melpomene	Mir-33	0	0	0	0	2	2	2	2	51.7
Heliconius_melpomene	Mir-34	0	0	0	0	2	2	2	2	54.8
Heliconius_melpomene	Mir-36	1	0	0	0	0	0	0	1	39.4
Heliconius_melpomene	Mir-375	0	0	0	0	1	1	1	1	40.6
Heliconius_melpomene	Mir-67	0	0	0	0	1	1	1	1	51.5
Heliconius_melpomene	Mir-7	0	0	0	0	1	1	1	1	44.8
Heliconius_melpomene	Mir-71	1	0	0	0	1	1	1	2	49.7
Heliconius_melpomene	Mir-750	0	0	0	0	1	1	1	1	40.7
Heliconius_melpomene	Mir-76	1	0	0	0	1	1	1	2	45.2
Heliconius_melpomene	Mir-8	1	0	0	0	1	1	1	2	53.3
Heliconius_melpomene	Mir-87	0	0	0	0	1	1	1	1	46.8
Heliconius_melpomene	Mir-9	1	0	0	0	4	4	4	5	40.3
Heliconius_melpomene	Mir-92	0	0	0	0	2	2	2	2	37.1
Heliconius_melpomene	Mir-927	0	0	0	0	2	2	2	2	51.7
Heliconius_melpomene	Mir-929	0	0	0	0	1	1	1	1	75.8
Heliconius_melpomene	Mir-932	0	0	0	0	1	1	1	1	72.2
Heliconius_melpomene	Mir-957	0	0	0	0	0	0	0	0	84.5
Heliconius_melpomene	Mir-96	0	0	0	0	2	2	2	2	33.3
Heliconius_melpomene	Mir-965	0	0	0	0	1	1	1	1	62.6
Heliconius_melpomene	Mir-970	0	0	0	0	1	1	1	1	72.7
Heliconius_melpomene	Mir-971	0	0	0	0	1	1	1	1	64.4
Heliconius_melpomene	Mir-988	1	0	0	0	1	1	1	2	65.4
Heliconius_melpomene	Mir-989	0	0	0	0	2	2	2	2	55.7
Heliconius_melpomene	Mir-999	0	0	0	0	0	0	0	0	74.1
Tribolium_castaneum	Bantam	2	0	0	0	1	1	1	3	46.7
Tribolium_castaneum	Iab-4	8	0	0	0	1	1	1	9	73.6
Tribolium_castaneum	Let-7	0	0	0	0	1	1	1	1	41.6
Tribolium_castaneum	Mir-1	0	0	0	0	1	1	1	1	44.9
Tribolium_castaneum	Mir-10	0	0	0	0	4	4	3	4	29.5
Tribolium_castaneum	Mir-1000	0	0	0	0	1	1	1	1	64.2
Tribolium_castaneum	Mir-1175	0	0	0	0	1	1	1	1	50.3
Tribolium_castaneum	Mir-12	0	0	0	0	1	1	1	1	49.3
Tribolium_castaneum	Mir-124	0	0	0	0	1	1	1	1	37.7
Tribolium_castaneum	Mir-133	0	0	0	0	1	1	1	1	40.1
Tribolium_castaneum	Mir-137	0	0	0	0	1	1	1	1	43.7
Tribolium_castaneum	Mir-14	0	0	0	0	1	1	1	1	62.8
Tribolium_castaneum	Mir-153	0	0	0	0	0	0	0	0	57.8
Tribolium_castaneum	Mir-184	0	0	0	0	1	1	1	1	44.2
Tribolium_castaneum	Mir-190	0	0	0	0	1	1	1	1	46.2
Tribolium_castaneum	Mir-193	0	0	0	0	2	2	2	2	40.6
Tribolium_castaneum	Mir-1993	0	0	0	0	0	0	0	0	44.3
Tribolium_castaneum	Mir-2	2	1	3	3	7	7	8	9	32.2
Tribolium_castaneum	Mir-2001	0	0	0	0	0	0	0	0	50.6
Tribolium_castaneum	Mir-210	0	0	0	0	1	1	1	1	42.2
Tribolium_castaneum	Mir-216	0	0	0	0	2	2	2	2	38.9
Tribolium_castaneum	Mir-219	0	0	0	0	1	1	1	1	44.7
Tribolium_castaneum	Mir-22	0	0	0	0	1	1	1	1	43.8
Tribolium_castaneum	Mir-242	0	0	0	0	0	0	0	0	50
Tribolium_castaneum	Mir-252	0	0	0	0	2	2	2	2	35.7
Tribolium_castaneum	Mir-275	0	0	0	0	1	1	1	1	57.2
Tribolium_castaneum	Mir-276	0	0	0	0	1	1	1	1	55.6
Tribolium_castaneum	Mir-2765	0	0	0	0	1	1	1	1	71.2
Tribolium_castaneum	Mir-277	1	0	0	0	1	1	1	2	44.9
Tribolium_castaneum	Mir-278	0	0	0	0	0	0	0	0	42.2
Tribolium_castaneum	Mir-279	0	0	0	0	5	5	5	5	37.4
Tribolium_castaneum	Mir-2796	0	0	0	0	1	1	1	1	74.7
Tribolium_castaneum	Mir-281	0	0	0	0	1	1	1	1	46
Tribolium_castaneum	Mir-282	0	0	0	0	1	1	1	1	51.5
Tribolium_castaneum	Mir-29	0	0	0	1	3	2	3	3	36.7
Tribolium_castaneum	Mir-3	14	8	0	0	13	13	13	27	40.7
Tribolium_castaneum	Mir-3049	0	0	0	0	1	1	1	1	74.7
Tribolium_castaneum	Mir-305	0	0	0	0	1	1	1	1	43.3
Tribolium_castaneum	Mir-306	0	0	0	0	0	0	0	0	53.2
Tribolium_castaneum	Mir-31	0	0	0	0	1	1	1	1	42.3
Tribolium_castaneum	Mir-315	0	0	0	0	1	1	1	1	51
Tribolium_castaneum	Mir-316	0	0	0	0	1	1	1	1	62.3
Tribolium_castaneum	Mir-317	0	0	0	0	1	1	1	1	51
Tribolium_castaneum	Mir-33	1	0	0	0	1	1	1	2	51.7
Tribolium_castaneum	Mir-34	0	0	0	0	1	1	1	1	54.8
Tribolium_castaneum	Mir-36	0	0	0	0	1	1	1	1	39.4
Tribolium_castaneum	Mir-375	0	0	0	0	1	1	1	1	40.6
Tribolium_castaneum	Mir-67	0	0	0	0	1	1	1	1	51.5
Tribolium_castaneum	Mir-7	0	0	0	0	1	1	1	1	44.8
Tribolium_castaneum	Mir-71	0	0	0	0	1	1	1	1	49.7
Tribolium_castaneum	Mir-750	0	0	0	0	1	1	1	1	40.7
Tribolium_castaneum	Mir-76	1	0	0	0	1	1	1	2	45.2
Tribolium_castaneum	Mir-8	0	0	0	0	1	1	1	1	53.3
Tribolium_castaneum	Mir-87	0	0	0	0	2	2	2	2	46.8
Tribolium_castaneum	Mir-9	0	0	0	0	5	5	5	5	40.3
Tribolium_castaneum	Mir-92	0	0	0	0	3	3	3	3	37.1
Tribolium_castaneum	Mir-927	0	0	0	0	2	2	2	2	51.7
Tribolium_castaneum	Mir-929	0	0	0	0	1	1	1	1	75.8
Tribolium_castaneum	Mir-932	0	0	0	0	1	1	1	1	72.2
Tribolium_castaneum	Mir-96	2	0	0	0	2	2	2	4	33.3
Tribolium_castaneum	Mir-965	0	0	0	0	1	1	1	1	62.6
Tribolium_castaneum	Mir-970	0	0	0	0	1	1	1	1	72.7
Tribolium_castaneum	Mir-971	0	0	0	0	1	1	1	1	64.4
Tribolium_castaneum	Mir-989	0	0	0	0	1	1	1	1	55.7
Blattella_germanica	Bantam	0	0	0	0	1	1	1	1	46.7
Blattella_germanica	Iab-4	0	0	0	0	1	1	1	1	73.6
Blattella_germanica	Let-7	2	1	0	0	1	1	1	3	41.6
Blattella_germanica	Mir-1	0	0	0	0	1	1	1	1	44.9
Blattella_germanica	Mir-10	0	0	0	0	4	4	3	4	29.5
Blattella_germanica	Mir-1000	0	0	0	0	1	1	1	1	64.2
Blattella_germanica	Mir-1175	0	0	0	0	1	1	1	1	50.3
Blattella_germanica	Mir-12	0	0	0	0	1	1	1	1	49.3
Blattella_germanica	Mir-124	1	0	0	0	1	1	1	2	37.7
Blattella_germanica	Mir-133	0	0	0	0	1	1	1	1	40.1
Blattella_germanica	Mir-137	1	0	0	0	2	2	2	3	43.7
Blattella_germanica	Mir-14	0	0	0	0	1	1	1	1	62.8
Blattella_germanica	Mir-153	0	0	0	0	2	2	2	2	57.8
Blattella_germanica	Mir-184	0	0	0	0	1	1	1	1	44.2
Blattella_germanica	Mir-190	0	0	0	0	1	1	1	1	46.2
Blattella_germanica	Mir-193	0	0	0	0	2	2	2	2	40.6
Blattella_germanica	Mir-1993	3	0	0	0	0	0	0	3	44.3
Blattella_germanica	Mir-2	0	0	1	1	5	5	6	5	32.2
Blattella_germanica	Mir-2001	0	0	0	0	2	2	2	2	50.6
Blattella_germanica	Mir-210	0	0	0	0	1	1	1	1	42.2
Blattella_germanica	Mir-216	1	0	0	0	2	2	2	3	38.9
Blattella_germanica	Mir-219	0	0	0	0	1	1	1	1	44.7
Blattella_germanica	Mir-22	0	0	0	0	1	1	1	1	43.8
Blattella_germanica	Mir-242	0	0	0	0	0	0	0	0	50
Blattella_germanica	Mir-252	0	0	0	0	2	2	2	2	35.7
Blattella_germanica	Mir-275	0	0	0	0	1	1	1	1	57.2
Blattella_germanica	Mir-276	0	0	0	0	1	1	1	1	55.6
Blattella_germanica	Mir-2765	0	0	0	0	1	1	1	1	71.2
Blattella_germanica	Mir-277	0	0	0	0	1	1	1	1	44.9
Blattella_germanica	Mir-278	0	0	0	0	1	1	1	1	42.2
Blattella_germanica	Mir-279	2	2	0	0	5	5	5	7	37.4
Blattella_germanica	Mir-2796	0	0	0	0	1	1	1	1	74.7
Blattella_germanica	Mir-281	0	0	0	0	1	1	1	1	46
Blattella_germanica	Mir-282	2	0	0	0	1	1	1	3	51.5
Blattella_germanica	Mir-29	1	0	0	0	4	4	4	5	36.7
Blattella_germanica	Mir-3	0	0	2	3	1	0	3	1	40.7
Blattella_germanica	Mir-3049	0	0	0	0	1	1	1	1	74.7
Blattella_germanica	Mir-305	3	0	0	0	1	1	1	4	43.3
Blattella_germanica	Mir-306	0	0	0	0	1	1	1	1	53.2
Blattella_germanica	Mir-31	0	0	0	0	1	1	1	1	42.3
Blattella_germanica	Mir-315	0	0	0	0	1	1	1	1	51
Blattella_germanica	Mir-316	0	0	0	0	1	1	1	1	62.3
Blattella_germanica	Mir-317	0	0	0	0	1	1	1	1	51
Blattella_germanica	Mir-33	0	0	0	0	1	1	1	1	51.7
Blattella_germanica	Mir-34	0	0	0	0	1	1	1	1	54.8
Blattella_germanica	Mir-36	0	0	1	1	0	0	1	0	39.4
Blattella_germanica	Mir-375	0	0	0	0	1	1	1	1	40.6
Blattella_germanica	Mir-67	0	0	0	0	1	1	1	1	51.5
Blattella_germanica	Mir-7	0	0	0	0	1	1	1	1	44.8
Blattella_germanica	Mir-71	0	0	0	0	1	1	1	1	49.7
Blattella_germanica	Mir-750	0	0	0	0	1	1	1	1	40.7
Blattella_germanica	Mir-76	2	0	0	0	1	1	1	3	45.2
Blattella_germanica	Mir-8	0	0	0	0	1	1	1	1	53.3
Blattella_germanica	Mir-87	0	0	0	0	3	3	3	3	46.8
Blattella_germanica	Mir-9	0	0	0	0	4	4	4	4	40.3
Blattella_germanica	Mir-92	5	5	0	0	4	4	4	9	37.1
Blattella_germanica	Mir-927	0	0	0	0	2	2	2	2	51.7
Blattella_germanica	Mir-929	0	0	0	0	1	1	1	1	75.8
Blattella_germanica	Mir-932	1	0	0	0	1	1	1	2	72.2
Blattella_germanica	Mir-96	0	0	0	0	2	2	2	2	33.3
Blattella_germanica	Mir-965	0	0	0	0	1	1	1	1	62.6
Blattella_germanica	Mir-971	0	0	0	0	1	1	0	1	64.4
Daphnia_pulex	Bantam	0	0	0	0	1	1	1	1	46.7
Daphnia_pulex	Iab-4	0	0	0	0	1	1	1	1	73.6
Daphnia_pulex	Let-7	0	0	0	0	1	1	1	1	41.6
Daphnia_pulex	Mir-1	0	0	0	0	1	1	1	1	44.9
Daphnia_pulex	Mir-10	0	0	0	0	4	4	3	4	29.5
Daphnia_pulex	Mir-1175	0	0	0	0	1	1	1	1	50.3
Daphnia_pulex	Mir-12	0	0	0	0	1	1	1	1	49.3
Daphnia_pulex	Mir-124	0	0	0	0	1	1	1	1	37.7
Daphnia_pulex	Mir-133	0	0	0	0	1	1	1	1	40.1
Daphnia_pulex	Mir-137	0	0	0	0	1	1	1	1	43.7
Daphnia_pulex	Mir-153	0	0	0	0	1	1	1	1	57.8
Daphnia_pulex	Mir-184	0	0	0	0	1	1	1	1	44.2
Daphnia_pulex	Mir-190	0	0	0	0	1	1	1	1	46.2
Daphnia_pulex	Mir-193	0	0	0	0	1	1	1	1	40.6
Daphnia_pulex	Mir-1993	0	0	0	0	1	1	1	1	44.3
Daphnia_pulex	Mir-2	0	0	1	1	5	5	6	5	32.2
Daphnia_pulex	Mir-2001	0	0	0	0	0	0	0	0	50.6
Daphnia_pulex	Mir-210	0	0	0	0	1	1	1	1	42.2
Daphnia_pulex	Mir-216	0	0	0	1	2	1	2	2	38.9
Daphnia_pulex	Mir-219	0	0	0	0	1	1	1	1	44.7
Daphnia_pulex	Mir-22	0	0	0	0	1	1	1	1	43.8
Daphnia_pulex	Mir-242	0	0	0	0	0	0	0	0	50
Daphnia_pulex	Mir-252	0	0	0	0	2	2	1	2	35.7
Daphnia_pulex	Mir-275	0	0	0	0	1	1	1	1	57.2
Daphnia_pulex	Mir-276	0	0	0	0	1	1	1	1	55.6
Daphnia_pulex	Mir-2765	0	0	0	0	0	0	0	0	71.2
Daphnia_pulex	Mir-277	0	0	0	0	1	1	1	1	44.9
Daphnia_pulex	Mir-278	0	0	0	0	1	1	1	1	42.2
Daphnia_pulex	Mir-279	0	0	0	0	6	6	6	6	37.4
Daphnia_pulex	Mir-281	0	0	0	0	1	1	1	1	46
Daphnia_pulex	Mir-282	62	0	0	0	1	1	1	63	51.5
Daphnia_pulex	Mir-29	0	0	1	1	1	1	2	1	36.7
Daphnia_pulex	Mir-3	0	0	0	0	1	1	1	1	40.7
Daphnia_pulex	Mir-305	0	0	0	0	1	1	1	1	43.3
Daphnia_pulex	Mir-31	0	0	0	0	1	1	1	1	42.3
Daphnia_pulex	Mir-315	0	0	0	0	1	1	1	1	51
Daphnia_pulex	Mir-316	0	0	0	0	0	0	0	0	62.3
Daphnia_pulex	Mir-317	0	0	0	0	1	1	1	1	51
Daphnia_pulex	Mir-33	0	0	0	0	1	1	1	1	51.7
Daphnia_pulex	Mir-34	0	0	0	0	1	1	1	1	54.8
Daphnia_pulex	Mir-36	0	0	0	0	1	1	1	1	39.4
Daphnia_pulex	Mir-375	0	0	0	0	1	1	1	1	40.6
Daphnia_pulex	Mir-67	0	0	0	0	1	1	1	1	51.5
Daphnia_pulex	Mir-7	2	0	0	0	2	2	2	4	44.8
Daphnia_pulex	Mir-71	0	0	0	0	1	1	1	1	49.7
Daphnia_pulex	Mir-750	0	0	0	0	1	1	1	1	40.7
Daphnia_pulex	Mir-76	0	0	0	0	1	1	1	1	45.2
Daphnia_pulex	Mir-8	7	0	0	0	1	1	1	8	53.3
Daphnia_pulex	Mir-87	0	0	0	0	2	2	2	2	46.8
Daphnia_pulex	Mir-9	0	0	0	0	2	2	2	2	40.3
Daphnia_pulex	Mir-92	0	0	0	0	2	2	2	2	37.1
Daphnia_pulex	Mir-96	0	0	0	0	2	2	2	2	33.3
Daphnia_pulex	Mir-965	0	0	0	0	1	1	1	1	62.6
Daphnia_magna	Bantam	0	0	0	0	1	1	1	1	46.7
Daphnia_magna	Iab-4	0	0	0	0	1	1	1	1	73.6
Daphnia_magna	Let-7	0	0	0	0	1	1	1	1	41.6
Daphnia_magna	Mir-1	0	0	0	0	1	1	1	1	44.9
Daphnia_magna	Mir-10	0	0	0	0	4	4	3	4	29.5
Daphnia_magna	Mir-1175	0	0	0	0	1	1	1	1	50.3
Daphnia_magna	Mir-12	0	0	0	0	1	1	1	1	49.3
Daphnia_magna	Mir-124	0	0	0	0	1	1	1	1	37.7
Daphnia_magna	Mir-133	0	0	0	0	1	1	1	1	40.1
Daphnia_magna	Mir-137	1	0	0	0	1	1	1	2	43.7
Daphnia_magna	Mir-153	0	0	0	0	1	1	1	1	57.8
Daphnia_magna	Mir-184	0	0	0	0	1	1	1	1	44.2
Daphnia_magna	Mir-190	0	0	0	0	1	1	1	1	46.2
Daphnia_magna	Mir-193	0	0	0	0	1	1	1	1	40.6
Daphnia_magna	Mir-1993	0	0	0	0	1	1	1	1	44.3
Daphnia_magna	Mir-2	0	0	1	1	5	5	6	5	32.2
Daphnia_magna	Mir-2001	0	0	0	0	0	0	0	0	50.6
Daphnia_magna	Mir-210	0	0	0	0	1	1	1	1	42.2
Daphnia_magna	Mir-216	0	0	0	1	2	1	2	2	38.9
Daphnia_magna	Mir-219	0	0	0	0	1	1	1	1	44.7
Daphnia_magna	Mir-22	0	0	0	0	1	1	1	1	43.8
Daphnia_magna	Mir-242	0	0	0	0	0	0	0	0	50
Daphnia_magna	Mir-252	0	0	0	0	2	2	2	2	35.7
Daphnia_magna	Mir-275	0	0	0	0	1	1	1	1	57.2
Daphnia_magna	Mir-276	0	0	0	0	1	1	1	1	55.6
Daphnia_magna	Mir-2765	0	0	0	0	0	0	0	0	71.2
Daphnia_magna	Mir-277	0	0	0	0	1	1	1	1	44.9
Daphnia_magna	Mir-278	0	0	0	0	1	1	1	1	42.2
Daphnia_magna	Mir-279	2	2	0	0	6	6	6	8	37.4
Daphnia_magna	Mir-281	0	0	0	0	1	1	1	1	46
Daphnia_magna	Mir-282	0	0	0	0	1	1	1	1	51.5
Daphnia_magna	Mir-29	1	0	0	1	2	1	2	3	36.7
Daphnia_magna	Mir-3	0	0	0	0	1	1	1	1	40.7
Daphnia_magna	Mir-305	0	0	0	0	1	1	1	1	43.3
Daphnia_magna	Mir-31	0	0	0	0	1	1	1	1	42.3
Daphnia_magna	Mir-315	5	0	0	0	1	1	1	6	51
Daphnia_magna	Mir-316	0	0	0	0	0	0	0	0	62.3
Daphnia_magna	Mir-317	0	0	0	0	1	1	1	1	51
Daphnia_magna	Mir-33	0	0	0	0	1	1	1	1	51.7
Daphnia_magna	Mir-34	0	0	0	0	1	1	1	1	54.8
Daphnia_magna	Mir-36	3	1	0	0	1	1	1	4	39.4
Daphnia_magna	Mir-375	1	1	0	0	1	1	1	2	40.6
Daphnia_magna	Mir-67	0	0	0	0	1	1	1	1	51.5
Daphnia_magna	Mir-7	0	0	0	0	1	1	1	1	44.8
Daphnia_magna	Mir-71	0	0	0	0	1	1	1	1	49.7
Daphnia_magna	Mir-750	0	0	0	0	1	1	1	1	40.7
Daphnia_magna	Mir-76	0	0	0	0	1	1	1	1	45.2
Daphnia_magna	Mir-8	0	0	0	0	1	1	1	1	53.3
Daphnia_magna	Mir-87	0	0	0	0	2	2	2	2	46.8
Daphnia_magna	Mir-9	1	1	0	0	2	2	2	3	40.3
Daphnia_magna	Mir-92	0	0	0	0	2	2	2	2	37.1
Daphnia_magna	Mir-96	0	0	1	1	1	1	2	1	33.3
Daphnia_magna	Mir-965	1	1	0	0	1	1	1	2	62.6
Ixodes_scapularis	Bantam	0	0	0	0	2	2	2	2	46.7
Ixodes_scapularis	Iab-4	0	0	0	0	1	1	1	1	73.6
Ixodes_scapularis	Let-7	0	0	0	0	1	1	1	1	41.6
Ixodes_scapularis	Mir-1	1	0	0	0	1	1	1	2	44.9
Ixodes_scapularis	Mir-10	0	0	0	0	4	4	3	4	29.5
Ixodes_scapularis	Mir-1175	0	0	0	0	1	1	1	1	50.3
Ixodes_scapularis	Mir-12	0	0	0	0	1	1	1	1	49.3
Ixodes_scapularis	Mir-124	0	0	0	0	1	1	1	1	37.7
Ixodes_scapularis	Mir-133	0	0	0	0	1	1	1	1	40.1
Ixodes_scapularis	Mir-137	0	0	0	0	1	1	1	1	43.7
Ixodes_scapularis	Mir-153	0	0	0	0	1	1	1	1	57.8
Ixodes_scapularis	Mir-184	1	0	0	0	1	1	1	2	44.2
Ixodes_scapularis	Mir-190	0	0	0	0	1	1	1	1	46.2
Ixodes_scapularis	Mir-193	0	0	0	1	1	0	1	1	40.6
Ixodes_scapularis	Mir-1993	1	1	0	0	1	1	1	2	44.3
Ixodes_scapularis	Mir-2	1	1	0	0	3	3	3	4	32.2
Ixodes_scapularis	Mir-2001	0	0	0	0	1	1	1	1	50.6
Ixodes_scapularis	Mir-210	0	0	0	0	1	1	1	1	42.2
Ixodes_scapularis	Mir-216	0	0	0	0	1	1	1	1	38.9
Ixodes_scapularis	Mir-219	0	0	0	0	1	1	1	1	44.7
Ixodes_scapularis	Mir-22	2	0	0	0	1	1	1	3	43.8
Ixodes_scapularis	Mir-242	0	0	0	0	0	0	0	0	50
Ixodes_scapularis	Mir-252	0	0	0	0	2	2	2	2	35.7
Ixodes_scapularis	Mir-275	0	0	0	0	1	1	1	1	57.2
Ixodes_scapularis	Mir-276	0	0	0	0	1	1	1	1	55.6
Ixodes_scapularis	Mir-277	0	0	0	0	1	1	1	1	44.9
Ixodes_scapularis	Mir-278	0	0	0	0	1	1	1	1	42.2
Ixodes_scapularis	Mir-279	1	1	0	0	1	1	1	2	37.4
Ixodes_scapularis	Mir-281	0	0	0	0	1	1	1	1	46
Ixodes_scapularis	Mir-29	1	1	0	0	1	1	1	2	36.7
Ixodes_scapularis	Mir-305	0	0	0	0	1	1	1	1	43.3
Ixodes_scapularis	Mir-31	0	0	0	0	1	1	1	1	42.3
Ixodes_scapularis	Mir-315	2	0	0	0	1	1	1	3	51
Ixodes_scapularis	Mir-317	0	0	0	0	1	1	1	1	51
Ixodes_scapularis	Mir-33	0	0	0	0	1	1	1	1	51.7
Ixodes_scapularis	Mir-34	0	0	0	0	0	0	0	0	54.8
Ixodes_scapularis	Mir-36	0	0	0	0	1	1	1	1	39.4
Ixodes_scapularis	Mir-375	0	0	0	0	1	1	1	1	40.6
Ixodes_scapularis	Mir-3931	1	0	0	0	1	1	1	2	67.9
Ixodes_scapularis	Mir-5305	2	0	0	0	1	1	1	3	78.6
Ixodes_scapularis	Mir-5735	1	0	0	0	0	0	0	1	79.9
Ixodes_scapularis	Mir-67	0	0	0	0	1	1	1	1	51.5
Ixodes_scapularis	Mir-7	0	0	0	0	1	1	1	1	44.8
Ixodes_scapularis	Mir-71	5	0	0	0	1	1	1	6	49.7
Ixodes_scapularis	Mir-750	0	0	0	0	1	1	1	1	40.7
Ixodes_scapularis	Mir-76	0	0	0	0	1	1	1	1	45.2
Ixodes_scapularis	Mir-8	2	0	0	0	1	1	1	3	53.3
Ixodes_scapularis	Mir-87	0	0	0	0	2	2	2	2	46.8
Ixodes_scapularis	Mir-9	1	0	0	0	1	1	1	2	40.3
Ixodes_scapularis	Mir-92	0	0	0	0	1	1	1	1	37.1
Ixodes_scapularis	Mir-96	0	0	0	0	3	3	3	3	33.3
Centruroides_sculpturatus	Bantam	5	0	0	0	2	2	2	7	46.7
Centruroides_sculpturatus	Iab-4	4	0	0	0	2	2	2	6	73.6
Centruroides_sculpturatus	Let-7	5	0	0	0	2	2	2	7	41.6
Centruroides_sculpturatus	Mir-1	87	0	0	0	3	3	3	90	44.9
Centruroides_sculpturatus	Mir-10	10	10	0	0	10	10	10	20	29.5
Centruroides_sculpturatus	Mir-1175	11	0	0	0	0	0	0	11	50.3
Centruroides_sculpturatus	Mir-12	1	1	0	0	1	1	1	2	49.3
Centruroides_sculpturatus	Mir-124	4	0	0	0	2	2	2	6	37.7
Centruroides_sculpturatus	Mir-133	3	2	2	2	1	1	3	4	40.1
Centruroides_sculpturatus	Mir-137	4	0	0	0	2	2	2	6	43.7
Centruroides_sculpturatus	Mir-153	3	0	0	0	3	3	3	6	57.8
Centruroides_sculpturatus	Mir-184	0	0	0	0	2	2	2	2	44.2
Centruroides_sculpturatus	Mir-190	2	0	0	0	2	2	2	4	46.2
Centruroides_sculpturatus	Mir-193	10	0	0	0	2	2	2	12	40.6
Centruroides_sculpturatus	Mir-1993	6	0	0	0	0	0	0	6	44.3
Centruroides_sculpturatus	Mir-2	10	10	0	0	7	7	7	17	32.2
Centruroides_sculpturatus	Mir-2001	3	0	0	0	1	1	1	4	50.6
Centruroides_sculpturatus	Mir-210	0	0	0	0	3	3	3	3	42.2
Centruroides_sculpturatus	Mir-216	3	0	0	0	0	0	0	3	38.9
Centruroides_sculpturatus	Mir-219	2	0	0	0	1	1	1	3	44.7
Centruroides_sculpturatus	Mir-22	5	0	0	0	1	1	1	6	43.8
Centruroides_sculpturatus	Mir-242	0	0	0	0	0	0	0	0	50
Centruroides_sculpturatus	Mir-252	2	2	0	0	2	2	2	4	35.7
Centruroides_sculpturatus	Mir-275	0	0	0	0	1	1	1	1	57.2
Centruroides_sculpturatus	Mir-276	1	0	0	0	3	3	3	4	55.6
Centruroides_sculpturatus	Mir-277	11	0	0	0	2	2	2	13	44.9
Centruroides_sculpturatus	Mir-278	0	0	0	0	1	1	1	1	42.2
Centruroides_sculpturatus	Mir-279	1	0	0	0	2	2	2	3	37.4
Centruroides_sculpturatus	Mir-281	0	0	0	0	1	1	1	1	46
Centruroides_sculpturatus	Mir-29	7	2	0	0	1	1	1	8	36.7
Centruroides_sculpturatus	Mir-305	8	1	0	0	1	1	1	9	43.3
Centruroides_sculpturatus	Mir-31	0	0	0	0	0	0	0	0	42.3
Centruroides_sculpturatus	Mir-315	0	0	0	0	1	1	1	1	51
Centruroides_sculpturatus	Mir-317	0	0	0	0	2	2	2	2	51
Centruroides_sculpturatus	Mir-33	4	0	0	0	1	1	1	5	51.7
Centruroides_sculpturatus	Mir-34	1	0	0	0	4	4	4	5	54.8
Centruroides_sculpturatus	Mir-36	2	1	0	0	0	0	0	2	39.4
Centruroides_sculpturatus	Mir-375	6	0	0	0	2	2	2	8	40.6
Centruroides_sculpturatus	Mir-3931	1	0	0	0	2	2	2	3	67.9
Centruroides_sculpturatus	Mir-5305	7	0	0	0	3	3	3	10	78.6
Centruroides_sculpturatus	Mir-5735	15	0	0	0	1	1	1	16	79.9
Centruroides_sculpturatus	Mir-67	3	1	0	0	1	1	1	4	51.5
Centruroides_sculpturatus	Mir-7	2	1	0	0	2	2	2	4	44.8
Centruroides_sculpturatus	Mir-71	7	0	0	0	2	2	2	9	49.7
Centruroides_sculpturatus	Mir-750	0	0	0	0	2	2	2	2	40.7
Centruroides_sculpturatus	Mir-76	7	2	0	0	0	0	0	7	45.2
Centruroides_sculpturatus	Mir-8	2	0	0	0	1	1	1	3	53.3
Centruroides_sculpturatus	Mir-87	7	0	0	0	5	5	5	12	46.8
Centruroides_sculpturatus	Mir-9	9	0	0	0	2	2	2	11	40.3
Centruroides_sculpturatus	Mir-92	1	1	0	0	2	2	2	3	37.1
Centruroides_sculpturatus	Mir-96	3	1	0	0	5	5	5	8	33.3
Limulus_polyphemus	Bantam	2	0	0	0	6	6	6	8	46.7
Limulus_polyphemus	Iab-4	7	0	0	0	3	3	3	10	73.6
Limulus_polyphemus	Let-7	5	1	0	0	3	3	3	8	41.6
Limulus_polyphemus	Mir-1	8	1	0	0	5	5	5	13	44.9
Limulus_polyphemus	Mir-10	7	7	0	0	17	17	11	24	29.5
Limulus_polyphemus	Mir-1175	2	0	0	0	3	3	3	5	50.3
Limulus_polyphemus	Mir-12	1	1	0	0	4	4	4	5	49.3
Limulus_polyphemus	Mir-124	2	0	0	0	6	6	6	8	37.7
Limulus_polyphemus	Mir-133	5	1	0	0	5	5	5	10	40.1
Limulus_polyphemus	Mir-137	4	0	0	0	5	5	5	9	43.7
Limulus_polyphemus	Mir-153	0	0	0	0	6	6	6	6	57.8
Limulus_polyphemus	Mir-184	1	0	0	0	6	6	6	7	44.2
Limulus_polyphemus	Mir-190	5	1	0	0	4	4	4	9	46.2
Limulus_polyphemus	Mir-193	7	0	0	0	6	6	6	13	40.6
Limulus_polyphemus	Mir-1993	4	0	0	0	3	3	3	7	44.3
Limulus_polyphemus	Mir-2	16	16	0	0	23	23	23	39	32.2
Limulus_polyphemus	Mir-2001	6	0	0	0	1	1	1	7	50.6
Limulus_polyphemus	Mir-210	3	0	0	0	5	5	5	8	42.2
Limulus_polyphemus	Mir-216	1	1	0	0	3	3	3	4	38.9
Limulus_polyphemus	Mir-219	7	0	0	0	5	5	5	12	44.7
Limulus_polyphemus	Mir-22	10	0	0	0	4	4	4	14	43.8
Limulus_polyphemus	Mir-242	0	0	0	0	0	0	0	0	50
Limulus_polyphemus	Mir-252	2	2	0	0	5	5	5	7	35.7
Limulus_polyphemus	Mir-275	0	0	0	0	5	5	5	5	57.2
Limulus_polyphemus	Mir-276	3	0	0	0	7	7	7	10	55.6
Limulus_polyphemus	Mir-277	3	0	0	0	6	6	6	9	44.9
Limulus_polyphemus	Mir-278	1	0	0	0	3	3	3	4	42.2
Limulus_polyphemus	Mir-279	2	0	0	0	5	5	5	7	37.4
Limulus_polyphemus	Mir-281	2	0	0	0	5	5	5	7	46
Limulus_polyphemus	Mir-29	14	6	0	0	2	2	2	16	36.7
Limulus_polyphemus	Mir-305	3	0	0	0	5	5	5	8	43.3
Limulus_polyphemus	Mir-31	0	0	0	0	4	4	4	4	42.3
Limulus_polyphemus	Mir-315	0	0	0	0	4	4	4	4	51
Limulus_polyphemus	Mir-317	0	0	0	0	2	2	2	2	51
Limulus_polyphemus	Mir-33	2	0	0	0	3	3	3	5	51.7
Limulus_polyphemus	Mir-34	2	0	0	0	6	6	6	8	54.8
Limulus_polyphemus	Mir-36	2	1	0	0	3	3	3	5	39.4
Limulus_polyphemus	Mir-375	1	0	0	0	3	3	3	4	40.6
Limulus_polyphemus	Mir-3931	4	0	0	0	7	7	7	11	67.9
Limulus_polyphemus	Mir-5305	5	0	0	0	8	8	8	13	78.6
Limulus_polyphemus	Mir-5735	15	0	0	0	2	2	2	17	79.9
Limulus_polyphemus	Mir-67	7	0	0	0	5	5	5	12	51.5
Limulus_polyphemus	Mir-7	3	0	0	0	1	1	1	4	44.8
Limulus_polyphemus	Mir-71	9	0	0	0	7	7	7	16	49.7
Limulus_polyphemus	Mir-750	0	0	0	0	3	3	3	3	40.7
Limulus_polyphemus	Mir-76	1	0	0	0	6	6	6	7	45.2
Limulus_polyphemus	Mir-8	20	0	0	0	7	7	7	27	53.3
Limulus_polyphemus	Mir-87	0	0	0	0	16	16	16	16	46.8
Limulus_polyphemus	Mir-9	13	2	0	0	4	4	4	17	40.3
Limulus_polyphemus	Mir-92	1	0	0	0	3	3	3	4	37.1
Limulus_polyphemus	Mir-96	2	2	0	0	14	14	14	16	33.3
Caenorhabditis_elegans	Bantam	1	0	2	5	5	2	7	6	46.7
Caenorhabditis_elegans	Let-7	0	0	1	3	4	2	5	4	41.6
Caenorhabditis_elegans	Lsy-6	0	0	0	0	1	1	1	1	91.5
Caenorhabditis_elegans	Mir-1	0	0	0	0	1	1	1	1	44.9
Caenorhabditis_elegans	Mir-10	0	0	3	3	1	1	4	1	29.5
Caenorhabditis_elegans	Mir-1175	0	0	0	0	0	0	0	0	50.3
Caenorhabditis_elegans	Mir-12	0	0	0	0	0	0	0	0	49.3
Caenorhabditis_elegans	Mir-124	0	0	0	0	1	1	1	1	37.7
Caenorhabditis_elegans	Mir-133	1	0	0	0	1	1	1	2	40.1
Caenorhabditis_elegans	Mir-137	0	0	0	1	1	0	1	1	43.7
Caenorhabditis_elegans	Mir-153	0	0	0	0	0	0	0	0	57.8
Caenorhabditis_elegans	Mir-1817	1	0	0	0	1	1	1	2	75.8
Caenorhabditis_elegans	Mir-184	0	0	0	0	0	0	0	0	44.2
Caenorhabditis_elegans	Mir-190	0	0	0	0	1	1	1	1	46.2
Caenorhabditis_elegans	Mir-193	0	0	0	2	2	0	2	2	40.6
Caenorhabditis_elegans	Mir-1993	0	0	0	1	1	0	1	1	44.3
Caenorhabditis_elegans	Mir-2	0	0	3	3	1	1	4	1	32.2
Caenorhabditis_elegans	Mir-2001	0	0	0	0	1	1	1	1	50.6
Caenorhabditis_elegans	Mir-210	0	0	0	0	0	0	0	0	42.2
Caenorhabditis_elegans	Mir-216	0	0	1	1	0	0	1	0	38.9
Caenorhabditis_elegans	Mir-219	0	0	0	0	0	0	0	0	44.7
Caenorhabditis_elegans	Mir-22	0	0	0	1	1	0	1	1	43.8
Caenorhabditis_elegans	Mir-230	0	0	0	0	1	1	1	1	89.7
Caenorhabditis_elegans	Mir-231	0	0	0	0	1	1	1	1	81.3
Caenorhabditis_elegans	Mir-238	0	0	0	0	1	1	1	1	89.7
Caenorhabditis_elegans	Mir-242	0	0	0	0	1	1	1	1	50
Caenorhabditis_elegans	Mir-246	0	0	0	0	1	1	1	1	83.7
Caenorhabditis_elegans	Mir-248	0	0	0	0	1	1	1	1	86.1
Caenorhabditis_elegans	Mir-249	1	0	0	0	1	1	1	2	87.5
Caenorhabditis_elegans	Mir-252	0	0	0	0	2	2	2	2	35.7
Caenorhabditis_elegans	Mir-253	0	0	0	0	1	1	1	1	95
Caenorhabditis_elegans	Mir-254	0	0	0	0	1	1	1	1	87.5
Caenorhabditis_elegans	Mir-255	1	0	0	0	1	1	1	2	89.2
Caenorhabditis_elegans	Mir-277	0	0	0	1	1	0	1	1	44.9
Caenorhabditis_elegans	Mir-278	0	0	0	0	0	0	0	0	42.2
Caenorhabditis_elegans	Mir-279	0	0	0	2	4	2	4	4	37.4
Caenorhabditis_elegans	Mir-281	0	0	0	0	2	2	2	2	46
Caenorhabditis_elegans	Mir-29	0	0	0	0	2	2	2	2	36.7
Caenorhabditis_elegans	Mir-305	1	0	0	0	2	2	2	3	43.3
Caenorhabditis_elegans	Mir-31	0	0	0	0	1	1	1	1	42.3
Caenorhabditis_elegans	Mir-315	0	0	0	1	1	0	1	1	51
Caenorhabditis_elegans	Mir-317	0	0	0	0	0	0	0	0	51
Caenorhabditis_elegans	Mir-33	0	0	0	0	0	0	0	0	51.7
Caenorhabditis_elegans	Mir-34	0	0	0	0	1	1	1	1	54.8
Caenorhabditis_elegans	Mir-355	0	0	0	0	1	1	1	1	88.2
Caenorhabditis_elegans	Mir-357	0	0	0	0	1	1	1	1	82.3
Caenorhabditis_elegans	Mir-358	0	0	0	0	1	1	1	1	86.3
Caenorhabditis_elegans	Mir-36	0	0	0	0	8	8	8	8	39.4
Caenorhabditis_elegans	Mir-375	2	0	0	1	1	0	1	3	40.6
Caenorhabditis_elegans	Mir-392	2	0	0	0	1	1	1	3	77.9
Caenorhabditis_elegans	Mir-4813	0	0	0	0	1	1	1	1	82.8
Caenorhabditis_elegans	Mir-52	0	0	0	0	2	2	2	2	78
Caenorhabditis_elegans	Mir-54	0	0	0	0	3	3	3	3	40.7
Caenorhabditis_elegans	Mir-62	0	0	0	0	1	1	1	1	72
Caenorhabditis_elegans	Mir-64	0	0	0	0	3	3	3	3	54.2
Caenorhabditis_elegans	Mir-67	0	0	0	0	1	1	1	1	51.5
Caenorhabditis_elegans	Mir-7	0	0	0	0	0	0	0	0	44.8
Caenorhabditis_elegans	Mir-70	0	0	0	0	1	1	1	1	78.9
Caenorhabditis_elegans	Mir-71	1	0	0	0	1	1	1	2	49.7
Caenorhabditis_elegans	Mir-73	0	0	0	0	2	2	2	2	39.2
Caenorhabditis_elegans	Mir-750	0	0	0	0	0	0	0	0	40.7
Caenorhabditis_elegans	Mir-76	0	0	0	0	1	1	1	1	45.2
Caenorhabditis_elegans	Mir-77	0	0	0	0	1	1	1	1	48.2
Caenorhabditis_elegans	Mir-784	0	0	0	0	1	1	1	1	79.7
Caenorhabditis_elegans	Mir-785	0	0	0	0	1	1	1	1	61.5
Caenorhabditis_elegans	Mir-787	0	0	0	0	1	1	1	1	81.9
Caenorhabditis_elegans	Mir-788	6	0	0	0	1	1	1	7	79.3
Caenorhabditis_elegans	Mir-789	0	0	0	0	2	2	2	2	64.5
Caenorhabditis_elegans	Mir-791	0	0	0	0	1	1	1	1	61.7
Caenorhabditis_elegans	Mir-8	1	0	0	0	1	1	1	2	53.3
Caenorhabditis_elegans	Mir-85	1	0	0	0	1	1	1	2	91.3
Caenorhabditis_elegans	Mir-86	16	0	0	0	1	1	1	17	78.7
Caenorhabditis_elegans	Mir-87	1	0	0	1	2	1	2	3	46.8
Caenorhabditis_elegans	Mir-9	0	0	0	1	3	2	3	3	40.3
Caenorhabditis_elegans	Mir-90	0	0	0	0	1	1	1	1	82.9
Caenorhabditis_elegans	Mir-92	0	0	0	0	1	1	1	1	37.1
Caenorhabditis_elegans	Mir-96	0	0	0	0	2	2	2	2	33.3
Caenorhabditis_briggsae	Bantam	3	0	0	2	5	3	5	8	46.7
Caenorhabditis_briggsae	Let-7	0	0	1	3	3	1	4	3	41.6
Caenorhabditis_briggsae	Lsy-6	0	0	0	0	1	1	1	1	91.5
Caenorhabditis_briggsae	Mir-1	0	0	0	0	1	1	1	1	44.9
Caenorhabditis_briggsae	Mir-10	0	0	4	4	0	0	4	0	29.5
Caenorhabditis_briggsae	Mir-1175	0	0	0	0	0	0	0	0	50.3
Caenorhabditis_briggsae	Mir-12	0	0	0	0	0	0	0	0	49.3
Caenorhabditis_briggsae	Mir-124	0	0	0	0	3	3	3	3	37.7
Caenorhabditis_briggsae	Mir-133	1	0	0	0	1	1	1	2	40.1
Caenorhabditis_briggsae	Mir-137	0	0	0	0	1	1	1	1	43.7
Caenorhabditis_briggsae	Mir-153	1	0	0	0	0	0	0	1	57.8
Caenorhabditis_briggsae	Mir-1817	0	0	0	0	1	1	1	1	75.8
Caenorhabditis_briggsae	Mir-184	0	0	0	0	0	0	0	0	44.2
Caenorhabditis_briggsae	Mir-190	0	0	0	0	1	1	1	1	46.2
Caenorhabditis_briggsae	Mir-193	5	0	1	1	1	1	2	6	40.6
Caenorhabditis_briggsae	Mir-1993	0	0	0	1	1	0	1	1	44.3
Caenorhabditis_briggsae	Mir-2	0	0	1	1	2	2	3	2	32.2
Caenorhabditis_briggsae	Mir-2001	0	0	0	0	1	1	1	1	50.6
Caenorhabditis_briggsae	Mir-210	0	0	0	0	0	0	0	0	42.2
Caenorhabditis_briggsae	Mir-216	0	0	1	1	0	0	1	0	38.9
Caenorhabditis_briggsae	Mir-219	0	0	0	0	0	0	0	0	44.7
Caenorhabditis_briggsae	Mir-22	0	0	0	1	1	0	1	1	43.8
Caenorhabditis_briggsae	Mir-230	0	0	0	0	1	1	1	1	89.7
Caenorhabditis_briggsae	Mir-231	0	0	0	0	1	1	1	1	81.3
Caenorhabditis_briggsae	Mir-238	1	0	0	0	1	1	1	2	89.7
Caenorhabditis_briggsae	Mir-242	0	0	0	0	1	1	1	1	50
Caenorhabditis_briggsae	Mir-246	0	0	0	0	1	1	1	1	83.7
Caenorhabditis_briggsae	Mir-248	0	0	0	0	1	1	1	1	86.1
Caenorhabditis_briggsae	Mir-249	0	0	0	0	1	1	1	1	87.5
Caenorhabditis_briggsae	Mir-252	0	0	0	0	2	2	2	2	35.7
Caenorhabditis_briggsae	Mir-253	0	0	0	0	1	1	1	1	95
Caenorhabditis_briggsae	Mir-254	0	0	0	0	1	1	1	1	87.5
Caenorhabditis_briggsae	Mir-255	0	0	0	0	1	1	1	1	89.2
Caenorhabditis_briggsae	Mir-277	0	0	2	2	0	0	2	0	44.9
Caenorhabditis_briggsae	Mir-278	0	0	0	0	0	0	0	0	42.2
Caenorhabditis_briggsae	Mir-279	0	0	2	2	3	3	5	3	37.4
Caenorhabditis_briggsae	Mir-281	0	0	0	0	2	2	2	2	46
Caenorhabditis_briggsae	Mir-29	0	0	0	0	2	2	2	2	36.7
Caenorhabditis_briggsae	Mir-305	0	0	0	0	3	3	3	3	43.3
Caenorhabditis_briggsae	Mir-31	0	0	0	0	1	1	1	1	42.3
Caenorhabditis_briggsae	Mir-315	0	0	1	1	0	0	1	0	51
Caenorhabditis_briggsae	Mir-317	0	0	0	0	0	0	0	0	51
Caenorhabditis_briggsae	Mir-33	0	0	0	0	0	0	0	0	51.7
Caenorhabditis_briggsae	Mir-34	0	0	0	0	1	1	1	1	54.8
Caenorhabditis_briggsae	Mir-355	0	0	0	0	1	1	1	1	88.2
Caenorhabditis_briggsae	Mir-357	0	0	0	0	2	2	2	2	82.3
Caenorhabditis_briggsae	Mir-358	0	0	0	0	1	1	1	1	86.3
Caenorhabditis_briggsae	Mir-36	2	1	1	1	29	29	30	31	39.4
Caenorhabditis_briggsae	Mir-375	0	0	0	0	1	1	1	1	40.6
Caenorhabditis_briggsae	Mir-392	0	0	0	0	1	1	1	1	77.9
Caenorhabditis_briggsae	Mir-4813	1	0	0	0	1	1	1	2	82.8
Caenorhabditis_briggsae	Mir-52	0	0	0	0	1	1	1	1	78
Caenorhabditis_briggsae	Mir-54	1	0	0	0	5	5	5	6	40.7
Caenorhabditis_briggsae	Mir-62	0	0	0	0	1	1	1	1	72
Caenorhabditis_briggsae	Mir-64	0	0	0	0	4	4	4	4	54.2
Caenorhabditis_briggsae	Mir-67	0	0	0	0	1	1	1	1	51.5
Caenorhabditis_briggsae	Mir-7	0	0	0	0	0	0	0	0	44.8
Caenorhabditis_briggsae	Mir-70	0	0	0	0	1	1	1	1	78.9
Caenorhabditis_briggsae	Mir-71	1	0	0	0	1	1	1	2	49.7
Caenorhabditis_briggsae	Mir-73	0	0	0	0	6	6	6	6	39.2
Caenorhabditis_briggsae	Mir-750	0	0	0	0	0	0	0	0	40.7
Caenorhabditis_briggsae	Mir-76	0	0	0	0	1	1	1	1	45.2
Caenorhabditis_briggsae	Mir-77	1	0	0	0	2	2	2	3	48.2
Caenorhabditis_briggsae	Mir-784	0	0	0	0	1	1	1	1	79.7
Caenorhabditis_briggsae	Mir-785	0	0	0	0	2	2	2	2	61.5
Caenorhabditis_briggsae	Mir-787	0	0	0	0	1	1	1	1	81.9
Caenorhabditis_briggsae	Mir-788	1	0	0	0	1	1	1	2	79.3
Caenorhabditis_briggsae	Mir-789	2	0	0	0	1	1	1	3	64.5
Caenorhabditis_briggsae	Mir-791	1	0	0	0	1	1	1	2	61.7
Caenorhabditis_briggsae	Mir-8	0	0	0	0	1	1	1	1	53.3
Caenorhabditis_briggsae	Mir-85	0	0	0	0	1	1	1	1	91.3
Caenorhabditis_briggsae	Mir-86	1	0	0	0	1	1	1	2	78.7
Caenorhabditis_briggsae	Mir-87	0	0	1	1	1	1	2	1	46.8
Caenorhabditis_briggsae	Mir-9	0	0	0	1	3	2	3	3	40.3
Caenorhabditis_briggsae	Mir-90	0	0	0	0	2	2	2	2	82.9
Caenorhabditis_briggsae	Mir-92	0	0	0	0	2	2	2	2	37.1
Caenorhabditis_briggsae	Mir-96	0	0	0	0	3	3	3	3	33.3
Ascaris_suum	Bantam	2	0	0	2	3	1	3	5	46.7
Ascaris_suum	Let-7	0	0	1	1	1	1	2	1	41.6
Ascaris_suum	Mir-1	0	0	0	0	1	1	1	1	44.9
Ascaris_suum	Mir-10	0	0	4	4	5	5	9	5	29.5
Ascaris_suum	Mir-1175	0	0	0	1	1	0	1	1	50.3
Ascaris_suum	Mir-12	0	0	0	0	0	0	0	0	49.3
Ascaris_suum	Mir-124	0	0	0	0	1	1	1	1	37.7
Ascaris_suum	Mir-133	0	0	0	0	1	1	1	1	40.1
Ascaris_suum	Mir-137	0	0	0	0	1	1	1	1	43.7
Ascaris_suum	Mir-153	0	0	0	0	1	1	1	1	57.8
Ascaris_suum	Mir-184	0	0	0	0	1	1	1	1	44.2
Ascaris_suum	Mir-190	0	0	0	0	1	1	1	1	46.2
Ascaris_suum	Mir-193	0	0	0	0	0	0	0	0	40.6
Ascaris_suum	Mir-1993	0	0	0	0	0	0	0	0	44.3
Ascaris_suum	Mir-2	4	4	4	4	7	7	11	11	32.2
Ascaris_suum	Mir-2001	0	0	0	0	0	0	0	0	50.6
Ascaris_suum	Mir-210	0	0	0	0	0	0	0	0	42.2
Ascaris_suum	Mir-216	0	0	2	2	0	0	2	0	38.9
Ascaris_suum	Mir-219	0	0	0	0	0	0	0	0	44.7
Ascaris_suum	Mir-22	0	0	0	0	1	1	1	1	43.8
Ascaris_suum	Mir-242	1	0	0	0	0	0	0	1	50
Ascaris_suum	Mir-252	0	0	0	0	1	1	1	1	35.7
Ascaris_suum	Mir-277	0	0	0	0	0	0	0	0	44.9
Ascaris_suum	Mir-278	0	0	0	0	0	0	0	0	42.2
Ascaris_suum	Mir-279	1	0	0	0	5	5	5	6	37.4
Ascaris_suum	Mir-281	0	0	0	0	1	1	1	1	46
Ascaris_suum	Mir-29	0	0	0	0	2	2	2	2	36.7
Ascaris_suum	Mir-305	0	0	0	1	1	0	1	1	43.3
Ascaris_suum	Mir-31	0	0	0	0	1	1	1	1	42.3
Ascaris_suum	Mir-315	0	0	0	0	0	0	0	0	51
Ascaris_suum	Mir-317	0	0	0	0	0	0	0	0	51
Ascaris_suum	Mir-33	5	0	0	0	0	0	0	5	51.7
Ascaris_suum	Mir-34	0	0	0	0	1	1	1	1	54.8
Ascaris_suum	Mir-36	0	0	2	4	4	2	6	4	39.4
Ascaris_suum	Mir-375	1	0	0	0	1	1	1	2	40.6
Ascaris_suum	Mir-54	1	0	0	0	3	3	3	4	40.7
Ascaris_suum	Mir-67	1	1	0	0	1	1	1	2	51.5
Ascaris_suum	Mir-7	0	0	0	0	1	1	1	1	44.8
Ascaris_suum	Mir-71	1	0	0	0	1	1	1	2	49.7
Ascaris_suum	Mir-750	0	0	0	0	1	1	1	1	40.7
Ascaris_suum	Mir-76	0	0	0	0	1	1	1	1	45.2
Ascaris_suum	Mir-77	1	0	0	0	1	1	1	2	48.2
Ascaris_suum	Mir-791	0	0	0	0	1	1	1	1	61.7
Ascaris_suum	Mir-8	0	0	0	0	1	1	1	1	53.3
Ascaris_suum	Mir-86	0	0	0	0	1	1	1	1	78.7
Ascaris_suum	Mir-87	0	0	0	0	2	2	2	2	46.8
Ascaris_suum	Mir-9	0	0	0	0	2	2	2	2	40.3
Ascaris_suum	Mir-92	0	0	0	0	1	1	1	1	37.1
Ascaris_suum	Mir-96	0	0	0	0	2	2	2	2	33.3
Capitella_teleta	Bantam	1	0	0	0	1	1	1	2	46.7
Capitella_teleta	Let-7	0	0	0	0	1	1	1	1	41.6
Capitella_teleta	Mir-1	0	0	0	0	1	1	1	1	44.9
Capitella_teleta	Mir-10	1	1	2	2	5	5	7	6	29.5
Capitella_teleta	Mir-1175	0	0	0	0	1	1	1	1	50.3
Capitella_teleta	Mir-12	0	0	0	0	1	1	1	1	49.3
Capitella_teleta	Mir-124	0	0	0	0	1	1	1	1	37.7
Capitella_teleta	Mir-133	0	0	0	0	1	1	1	1	40.1
Capitella_teleta	Mir-137	1	0	0	0	1	1	1	2	43.7
Capitella_teleta	Mir-153	0	0	0	0	1	1	1	1	57.8
Capitella_teleta	Mir-184	0	0	0	0	2	2	2	2	44.2
Capitella_teleta	Mir-190	0	0	0	0	1	1	1	1	46.2
Capitella_teleta	Mir-193	0	0	1	1	1	1	2	1	40.6
Capitella_teleta	Mir-1986	0	0	0	0	1	1	1	1	61.4
Capitella_teleta	Mir-1987	0	0	0	0	1	1	1	1	74.6
Capitella_teleta	Mir-1989	2	0	0	0	1	1	1	3	42.2
Capitella_teleta	Mir-1990	1	0	0	1	2	1	2	3	59.8
Capitella_teleta	Mir-1992	0	0	0	0	1	1	1	1	52.8
Capitella_teleta	Mir-1993	1	0	0	0	1	1	1	2	44.3
Capitella_teleta	Mir-1994	0	0	0	0	1	1	1	1	50.3
Capitella_teleta	Mir-1995	1	0	0	0	1	1	1	2	65.6
Capitella_teleta	Mir-1996	0	0	0	0	1	1	1	1	70
Capitella_teleta	Mir-1997	0	0	0	0	1	1	1	1	59.8
Capitella_teleta	Mir-1998	1	0	0	0	1	1	1	2	67.7
Capitella_teleta	Mir-2	4	4	1	1	7	7	8	11	32.2
Capitella_teleta	Mir-2000	0	0	0	0	1	1	1	1	67.4
Capitella_teleta	Mir-2001	0	0	0	0	1	1	1	1	50.6
Capitella_teleta	Mir-210	1	0	0	0	2	2	2	3	42.2
Capitella_teleta	Mir-216	0	0	0	0	3	3	3	3	38.9
Capitella_teleta	Mir-219	0	0	0	0	1	1	1	1	44.7
Capitella_teleta	Mir-22	0	0	0	1	2	1	2	2	43.8
Capitella_teleta	Mir-242	0	0	0	0	1	1	1	1	50
Capitella_teleta	Mir-252	0	0	0	0	2	2	2	2	35.7
Capitella_teleta	Mir-2685	2	0	0	0	2	2	2	4	52.1
Capitella_teleta	Mir-2686	2	0	0	0	3	3	3	5	60
Capitella_teleta	Mir-2687	0	0	0	0	1	1	1	1	77.6
Capitella_teleta	Mir-2689	0	0	0	0	1	1	1	1	48.1
Capitella_teleta	Mir-2690	0	0	0	0	1	1	1	1	73.4
Capitella_teleta	Mir-2691	2	0	0	0	1	1	1	3	56.7
Capitella_teleta	Mir-2693	3	0	0	0	1	1	1	4	82
Capitella_teleta	Mir-2705	0	0	0	0	1	1	1	1	78.8
Capitella_teleta	Mir-2707	1	0	0	0	1	1	1	2	87.2
Capitella_teleta	Mir-277	0	0	0	0	2	2	2	2	44.9
Capitella_teleta	Mir-278	0	0	0	0	1	1	1	1	42.2
Capitella_teleta	Mir-279	0	0	0	0	3	3	3	3	37.4
Capitella_teleta	Mir-281	0	0	0	0	1	1	1	1	46
Capitella_teleta	Mir-29	0	0	0	0	2	2	2	2	36.7
Capitella_teleta	Mir-31	0	0	0	0	1	1	1	1	42.3
Capitella_teleta	Mir-315	0	0	0	0	1	1	1	1	51
Capitella_teleta	Mir-317	0	0	0	0	1	1	1	1	51
Capitella_teleta	Mir-33	4	0	0	0	1	1	1	5	51.7
Capitella_teleta	Mir-34	0	0	0	0	1	1	1	1	54.8
Capitella_teleta	Mir-36	0	0	0	0	1	1	1	1	39.4
Capitella_teleta	Mir-375	1	1	0	0	1	1	1	2	40.6
Capitella_teleta	Mir-67	0	0	0	0	1	1	1	1	51.5
Capitella_teleta	Mir-7	0	0	0	0	1	1	1	1	44.8
Capitella_teleta	Mir-71	1	0	0	0	1	1	1	2	49.7
Capitella_teleta	Mir-750	0	0	0	0	1	1	1	1	40.7
Capitella_teleta	Mir-76	1	0	0	0	1	1	1	2	45.2
Capitella_teleta	Mir-8	0	0	0	0	1	1	1	1	53.3
Capitella_teleta	Mir-87	0	0	0	0	2	2	2	2	46.8
Capitella_teleta	Mir-9	2	0	0	0	1	1	1	3	40.3
Capitella_teleta	Mir-92	1	1	0	0	3	3	3	4	37.1
Capitella_teleta	Mir-96	3	2	0	0	2	2	2	5	33.3
Eisenia_fetida	Bantam	0	0	0	1	3	2	3	3	46.7
Eisenia_fetida	Let-7	3	1	0	0	5	5	5	8	41.6
Eisenia_fetida	Mir-1	0	0	0	0	4	4	4	4	44.9
Eisenia_fetida	Mir-10	8	8	6	6	11	11	17	19	29.5
Eisenia_fetida	Mir-1175	1	0	0	0	2	2	2	3	50.3
Eisenia_fetida	Mir-12	3	1	0	0	2	2	2	5	49.3
Eisenia_fetida	Mir-124	4	4	0	0	5	5	5	9	37.7
Eisenia_fetida	Mir-133	2	2	0	0	1	1	1	3	40.1
Eisenia_fetida	Mir-137	8	8	0	0	7	7	7	15	43.7
Eisenia_fetida	Mir-153	4	1	0	0	2	2	2	6	57.8
Eisenia_fetida	Mir-184	4	3	0	0	4	4	4	8	44.2
Eisenia_fetida	Mir-190	6	6	0	0	4	4	4	10	46.2
Eisenia_fetida	Mir-193	4	1	2	3	5	4	6	9	40.6
Eisenia_fetida	Mir-1986	2	2	0	0	1	1	1	3	61.4
Eisenia_fetida	Mir-1987	0	0	0	0	1	1	1	1	74.6
Eisenia_fetida	Mir-1989	1	0	0	0	0	0	0	1	42.2
Eisenia_fetida	Mir-1990	6	0	0	0	2	2	2	8	59.8
Eisenia_fetida	Mir-1992	2	0	0	0	2	2	2	4	52.8
Eisenia_fetida	Mir-1993	5	1	0	0	2	2	2	7	44.3
Eisenia_fetida	Mir-1994	0	0	0	1	1	0	1	1	50.3
Eisenia_fetida	Mir-1995	1	0	0	0	2	2	2	3	65.6
Eisenia_fetida	Mir-1996	0	0	0	0	3	3	3	3	70
Eisenia_fetida	Mir-1997	5	5	0	0	5	5	5	10	59.8
Eisenia_fetida	Mir-1998	3	3	0	0	1	1	1	4	67.7
Eisenia_fetida	Mir-2	11	11	0	0	7	7	7	18	32.2
Eisenia_fetida	Mir-2000	1	1	0	0	2	2	2	3	67.4
Eisenia_fetida	Mir-2001	3	0	0	0	0	0	0	3	50.6
Eisenia_fetida	Mir-210	0	0	0	0	1	1	1	1	42.2
Eisenia_fetida	Mir-216	3	2	0	0	3	3	3	6	38.9
Eisenia_fetida	Mir-219	2	1	0	0	3	3	3	5	44.7
Eisenia_fetida	Mir-22	2	2	0	0	2	2	2	4	43.8
Eisenia_fetida	Mir-242	2	0	0	0	0	0	0	2	50
Eisenia_fetida	Mir-252	0	0	0	0	0	0	0	0	35.7
Eisenia_fetida	Mir-2685	0	0	0	0	3	3	3	3	52.1
Eisenia_fetida	Mir-2686	1	1	0	0	3	3	3	4	60
Eisenia_fetida	Mir-2687	0	0	0	0	1	1	1	1	77.6
Eisenia_fetida	Mir-2689	0	0	0	0	2	2	2	2	48.1
Eisenia_fetida	Mir-2690	1	1	0	0	4	4	4	5	73.4
Eisenia_fetida	Mir-2691	3	0	0	0	4	4	4	7	56.7
Eisenia_fetida	Mir-2693	0	0	0	0	2	2	2	2	82
Eisenia_fetida	Mir-2705	0	0	0	0	1	1	1	1	78.8
Eisenia_fetida	Mir-2707	1	1	0	0	1	1	1	2	87.2
Eisenia_fetida	Mir-277	3	0	0	0	1	1	1	4	44.9
Eisenia_fetida	Mir-278	1	1	0	0	2	2	2	3	42.2
Eisenia_fetida	Mir-279	3	3	0	0	7	7	7	10	37.4
Eisenia_fetida	Mir-281	1	0	0	1	3	2	3	4	46
Eisenia_fetida	Mir-29	3	1	0	0	4	4	4	7	36.7
Eisenia_fetida	Mir-31	1	1	0	0	1	1	1	2	42.3
Eisenia_fetida	Mir-315	2	2	0	0	1	1	1	3	51
Eisenia_fetida	Mir-317	1	1	0	0	3	3	3	4	51
Eisenia_fetida	Mir-33	5	0	0	0	1	1	1	6	51.7
Eisenia_fetida	Mir-34	0	0	0	0	1	1	1	1	54.8
Eisenia_fetida	Mir-36	3	1	0	0	2	2	2	5	39.4
Eisenia_fetida	Mir-375	0	0	0	0	1	1	1	1	40.6
Eisenia_fetida	Mir-67	0	0	0	0	3	3	3	3	51.5
Eisenia_fetida	Mir-7	2	2	0	0	3	3	3	5	44.8
Eisenia_fetida	Mir-71	1	0	0	0	3	3	3	4	49.7
Eisenia_fetida	Mir-750	1	1	0	0	3	3	3	4	40.7
Eisenia_fetida	Mir-76	0	0	0	0	1	1	1	1	45.2
Eisenia_fetida	Mir-8	2	1	0	0	3	3	3	5	53.3
Eisenia_fetida	Mir-87	10	8	0	0	7	7	7	17	46.8
Eisenia_fetida	Mir-9	2	0	0	0	2	2	2	4	40.3
Eisenia_fetida	Mir-92	1	1	0	0	2	2	2	3	37.1
Eisenia_fetida	Mir-96	3	3	0	0	3	3	3	6	33.3
Lottia_gigantea	Bantam	0	0	0	0	1	1	1	1	46.7
Lottia_gigantea	Let-7	1	0	0	0	1	1	1	2	41.6
Lottia_gigantea	Mir-1	0	0	0	0	1	1	1	1	44.9
Lottia_gigantea	Mir-10	0	0	1	1	4	4	5	4	29.5
Lottia_gigantea	Mir-1175	0	0	0	0	1	1	1	1	50.3
Lottia_gigantea	Mir-12	0	0	0	0	1	1	1	1	49.3
Lottia_gigantea	Mir-124	0	0	0	0	2	2	2	2	37.7
Lottia_gigantea	Mir-133	0	0	0	0	1	1	1	1	40.1
Lottia_gigantea	Mir-137	0	0	0	0	1	1	1	1	43.7
Lottia_gigantea	Mir-153	0	0	0	0	1	1	1	1	57.8
Lottia_gigantea	Mir-184	0	0	0	0	2	2	2	2	44.2
Lottia_gigantea	Mir-190	0	0	0	0	1	1	1	1	46.2
Lottia_gigantea	Mir-193	0	0	0	0	2	2	2	2	40.6
Lottia_gigantea	Mir-1984	0	0	0	0	1	1	1	1	56.2
Lottia_gigantea	Mir-1985	0	0	0	0	1	1	1	1	72.7
Lottia_gigantea	Mir-1986	1	0	0	0	1	1	1	2	61.4
Lottia_gigantea	Mir-1989	0	0	0	0	1	1	1	1	42.2
Lottia_gigantea	Mir-1990	0	0	0	0	1	1	1	1	59.8
Lottia_gigantea	Mir-1992	0	0	0	0	2	2	2	2	52.8
Lottia_gigantea	Mir-1993	0	0	0	0	1	1	1	1	44.3
Lottia_gigantea	Mir-1994	0	0	0	0	2	2	2	2	50.3
Lottia_gigantea	Mir-2	2	2	0	0	6	6	6	8	32.2
Lottia_gigantea	Mir-2001	1	0	0	0	1	1	1	2	50.6
Lottia_gigantea	Mir-210	0	0	0	0	1	1	1	1	42.2
Lottia_gigantea	Mir-216	0	0	0	0	2	2	2	2	38.9
Lottia_gigantea	Mir-219	0	0	0	0	0	0	0	0	44.7
Lottia_gigantea	Mir-22	0	0	0	0	2	2	2	2	43.8
Lottia_gigantea	Mir-242	5	2	0	0	2	2	2	7	50
Lottia_gigantea	Mir-252	0	0	0	0	2	2	2	2	35.7
Lottia_gigantea	Mir-2722	0	0	0	0	1	1	1	1	80.4
Lottia_gigantea	Mir-277	0	0	0	0	1	1	1	1	44.9
Lottia_gigantea	Mir-278	0	0	0	0	1	1	1	1	42.2
Lottia_gigantea	Mir-279	2	0	0	0	1	1	1	3	37.4
Lottia_gigantea	Mir-281	0	0	0	0	2	2	2	2	46
Lottia_gigantea	Mir-29	3	0	0	0	1	1	1	4	36.7
Lottia_gigantea	Mir-31	0	0	0	0	1	1	1	1	42.3
Lottia_gigantea	Mir-315	0	0	0	0	1	1	1	1	51
Lottia_gigantea	Mir-317	0	0	0	0	1	1	1	1	51
Lottia_gigantea	Mir-33	1	0	0	0	1	1	1	2	51.7
Lottia_gigantea	Mir-34	0	0	0	0	1	1	1	1	54.8
Lottia_gigantea	Mir-36	1	1	0	0	0	0	0	1	39.4
Lottia_gigantea	Mir-375	0	0	0	0	1	1	1	1	40.6
Lottia_gigantea	Mir-67	0	0	0	0	1	1	1	1	51.5
Lottia_gigantea	Mir-7	0	0	0	0	1	1	1	1	44.8
Lottia_gigantea	Mir-71	0	0	0	0	1	1	1	1	49.7
Lottia_gigantea	Mir-750	0	0	0	0	1	1	1	1	40.7
Lottia_gigantea	Mir-76	0	0	0	0	1	1	1	1	45.2
Lottia_gigantea	Mir-8	0	0	0	0	1	1	1	1	53.3
Lottia_gigantea	Mir-87	1	0	0	0	1	1	1	2	46.8
Lottia_gigantea	Mir-9	0	0	0	0	1	1	1	1	40.3
Lottia_gigantea	Mir-92	0	0	0	0	4	4	4	4	37.1
Lottia_gigantea	Mir-96	0	0	0	0	4	4	4	4	33.3
Crassostrea_gigas	Bantam	7	0	0	0	1	1	1	8	46.7
Crassostrea_gigas	Let-7	0	0	0	0	1	1	1	1	41.6
Crassostrea_gigas	Mir-1	0	0	0	0	1	1	1	1	44.9
Crassostrea_gigas	Mir-10	0	0	1	1	4	4	5	4	29.5
Crassostrea_gigas	Mir-1175	0	0	0	0	1	1	1	1	50.3
Crassostrea_gigas	Mir-12	0	0	0	0	1	1	1	1	49.3
Crassostrea_gigas	Mir-124	0	0	0	0	2	2	2	2	37.7
Crassostrea_gigas	Mir-133	1	0	0	0	1	1	1	2	40.1
Crassostrea_gigas	Mir-137	0	0	0	0	1	1	1	1	43.7
Crassostrea_gigas	Mir-153	0	0	0	0	1	1	1	1	57.8
Crassostrea_gigas	Mir-184	18	12	0	0	44	44	44	62	44.2
Crassostrea_gigas	Mir-190	0	0	0	0	1	1	1	1	46.2
Crassostrea_gigas	Mir-193	5	0	0	0	2	2	2	7	40.6
Crassostrea_gigas	Mir-1984	0	0	0	0	1	1	1	1	56.2
Crassostrea_gigas	Mir-1985	0	0	0	0	1	1	1	1	72.7
Crassostrea_gigas	Mir-1986	1	0	0	0	1	1	1	2	61.4
Crassostrea_gigas	Mir-1989	3	0	0	0	1	1	1	4	42.2
Crassostrea_gigas	Mir-1990	1	0	0	0	1	1	1	2	59.8
Crassostrea_gigas	Mir-1992	0	0	0	0	1	1	1	1	52.8
Crassostrea_gigas	Mir-1993	0	0	0	0	1	1	1	1	44.3
Crassostrea_gigas	Mir-1994	0	0	0	0	2	2	2	2	50.3
Crassostrea_gigas	Mir-2	1	1	1	1	8	8	9	9	32.2
Crassostrea_gigas	Mir-2001	1	0	0	0	1	1	1	2	50.6
Crassostrea_gigas	Mir-210	1	0	0	0	1	1	1	2	42.2
Crassostrea_gigas	Mir-216	0	0	0	0	2	2	2	2	38.9
Crassostrea_gigas	Mir-219	0	0	0	0	1	1	1	1	44.7
Crassostrea_gigas	Mir-22	0	0	0	0	2	2	2	2	43.8
Crassostrea_gigas	Mir-242	0	0	0	0	1	1	1	1	50
Crassostrea_gigas	Mir-252	0	0	0	0	2	2	2	2	35.7
Crassostrea_gigas	Mir-2722	0	0	0	0	1	1	1	1	80.4
Crassostrea_gigas	Mir-277	0	0	0	0	1	1	1	1	44.9
Crassostrea_gigas	Mir-278	0	0	0	0	1	1	1	1	42.2
Crassostrea_gigas	Mir-279	0	0	0	0	1	1	1	1	37.4
Crassostrea_gigas	Mir-281	0	0	0	0	1	1	1	1	46
Crassostrea_gigas	Mir-29	0	0	0	0	2	2	2	2	36.7
Crassostrea_gigas	Mir-31	0	0	0	0	1	1	1	1	42.3
Crassostrea_gigas	Mir-315	0	0	0	0	1	1	1	1	51
Crassostrea_gigas	Mir-317	0	0	0	0	2	2	2	2	51
Crassostrea_gigas	Mir-33	0	0	0	0	1	1	1	1	51.7
Crassostrea_gigas	Mir-34	0	0	0	0	1	1	1	1	54.8
Crassostrea_gigas	Mir-36	0	0	0	0	1	1	1	1	39.4
Crassostrea_gigas	Mir-375	0	0	0	0	2	2	2	2	40.6
Crassostrea_gigas	Mir-67	0	0	0	0	3	3	3	3	51.5
Crassostrea_gigas	Mir-7	0	0	0	0	1	1	1	1	44.8
Crassostrea_gigas	Mir-71	1	0	0	0	1	1	1	2	49.7
Crassostrea_gigas	Mir-750	0	0	0	0	1	1	1	1	40.7
Crassostrea_gigas	Mir-76	1	0	0	0	1	1	1	2	45.2
Crassostrea_gigas	Mir-8	1	0	0	0	1	1	1	2	53.3
Crassostrea_gigas	Mir-87	0	0	0	0	2	2	2	2	46.8
Crassostrea_gigas	Mir-9	1	0	0	0	3	3	3	4	40.3
Crassostrea_gigas	Mir-92	2	1	0	0	4	4	4	6	37.1
Crassostrea_gigas	Mir-96	0	0	0	0	5	5	5	5	33.3
Nautilus_pompilius	Bantam	0	0	0	0	1	1	1	1	46.7
Nautilus_pompilius	Let-7	0	0	0	0	1	1	1	1	41.6
Nautilus_pompilius	Mir-1	0	0	0	0	2	2	2	2	44.9
Nautilus_pompilius	Mir-10	0	0	1	1	2	2	3	2	29.5
Nautilus_pompilius	Mir-1175	0	0	0	0	1	1	1	1	50.3
Nautilus_pompilius	Mir-12	0	0	0	0	1	1	1	1	49.3
Nautilus_pompilius	Mir-124	0	0	0	0	1	1	1	1	37.7
Nautilus_pompilius	Mir-133	2	1	0	0	1	1	1	3	40.1
Nautilus_pompilius	Mir-137	0	0	0	0	0	0	0	0	43.7
Nautilus_pompilius	Mir-153	0	0	0	0	1	1	1	1	57.8
Nautilus_pompilius	Mir-184	0	0	0	0	1	1	1	1	44.2
Nautilus_pompilius	Mir-190	0	0	0	0	1	1	1	1	46.2
Nautilus_pompilius	Mir-193	0	0	0	0	1	1	1	1	40.6
Nautilus_pompilius	Mir-1984	0	0	0	0	1	1	1	1	56.2
Nautilus_pompilius	Mir-1985	0	0	0	0	0	0	0	0	72.7
Nautilus_pompilius	Mir-1986	0	0	0	0	1	1	1	1	61.4
Nautilus_pompilius	Mir-1989	0	0	0	0	1	1	1	1	42.2
Nautilus_pompilius	Mir-1990	0	0	0	0	1	1	1	1	59.8
Nautilus_pompilius	Mir-1992	0	0	0	0	1	1	1	1	52.8
Nautilus_pompilius	Mir-1993	0	0	0	0	1	1	1	1	44.3
Nautilus_pompilius	Mir-1994	2	0	0	0	2	2	2	4	50.3
Nautilus_pompilius	Mir-2	0	0	0	0	6	6	6	6	32.2
Nautilus_pompilius	Mir-2001	0	0	0	0	1	1	1	1	50.6
Nautilus_pompilius	Mir-210	0	0	0	0	1	1	1	1	42.2
Nautilus_pompilius	Mir-216	1	1	0	0	2	2	2	3	38.9
Nautilus_pompilius	Mir-219	0	0	0	0	0	0	0	0	44.7
Nautilus_pompilius	Mir-22	0	0	0	0	2	2	2	2	43.8
Nautilus_pompilius	Mir-242	1	0	0	0	1	1	1	2	50
Nautilus_pompilius	Mir-252	0	0	0	0	2	2	2	2	35.7
Nautilus_pompilius	Mir-2722	0	0	0	0	1	1	1	1	80.4
Nautilus_pompilius	Mir-277	0	0	0	0	1	1	1	1	44.9
Nautilus_pompilius	Mir-278	0	0	0	0	1	1	1	1	42.2
Nautilus_pompilius	Mir-279	0	0	0	0	1	1	1	1	37.4
Nautilus_pompilius	Mir-281	0	0	0	0	1	1	1	1	46
Nautilus_pompilius	Mir-29	0	0	0	0	2	2	2	2	36.7
Nautilus_pompilius	Mir-31	0	0	0	0	1	1	1	1	42.3
Nautilus_pompilius	Mir-315	0	0	0	0	1	1	1	1	51
Nautilus_pompilius	Mir-317	0	0	0	0	1	1	1	1	51
Nautilus_pompilius	Mir-33	0	0	0	0	1	1	1	1	51.7
Nautilus_pompilius	Mir-34	0	0	0	0	1	1	1	1	54.8
Nautilus_pompilius	Mir-36	0	0	0	0	1	1	1	1	39.4
Nautilus_pompilius	Mir-375	0	0	0	0	1	1	1	1	40.6
Nautilus_pompilius	Mir-67	0	0	0	0	1	1	1	1	51.5
Nautilus_pompilius	Mir-7	0	0	0	0	1	1	1	1	44.8
Nautilus_pompilius	Mir-71	0	0	0	0	1	1	1	1	49.7
Nautilus_pompilius	Mir-750	0	0	0	0	1	1	1	1	40.7
Nautilus_pompilius	Mir-76	0	0	0	0	1	1	1	1	45.2
Nautilus_pompilius	Mir-8	0	0	0	0	1	1	1	1	53.3
Nautilus_pompilius	Mir-87	0	0	0	0	0	0	0	0	46.8
Nautilus_pompilius	Mir-9	0	0	0	0	1	1	1	1	40.3
Nautilus_pompilius	Mir-92	0	0	0	0	3	3	3	3	37.1
Nautilus_pompilius	Mir-96	0	0	0	0	3	3	3	3	33.3
Euprymna_scolopes	Bantam	0	0	0	0	1	1	1	1	46.7
Euprymna_scolopes	Let-7	0	0	0	0	1	1	1	1	41.6
Euprymna_scolopes	Mir-1	0	0	0	0	1	1	1	1	44.9
Euprymna_scolopes	Mir-10	0	0	0	0	2	2	2	2	29.5
Euprymna_scolopes	Mir-1175	0	0	0	0	0	0	0	0	50.3
Euprymna_scolopes	Mir-12	0	0	0	0	1	1	1	1	49.3
Euprymna_scolopes	Mir-124	0	0	0	0	1	1	1	1	37.7
Euprymna_scolopes	Mir-133	3	0	0	0	1	1	1	4	40.1
Euprymna_scolopes	Mir-137	0	0	0	0	1	1	1	1	43.7
Euprymna_scolopes	Mir-153	2	2	0	0	2	2	2	4	57.8
Euprymna_scolopes	Mir-184	2	0	0	0	1	1	1	3	44.2
Euprymna_scolopes	Mir-190	0	0	0	0	1	1	1	1	46.2
Euprymna_scolopes	Mir-193	0	0	0	0	1	1	1	1	40.6
Euprymna_scolopes	Mir-1984	1	0	0	0	1	1	1	2	56.2
Euprymna_scolopes	Mir-1985	0	0	0	0	0	0	0	0	72.7
Euprymna_scolopes	Mir-1986	0	0	0	0	0	0	0	0	61.4
Euprymna_scolopes	Mir-1989	0	0	0	0	0	0	0	0	42.2
Euprymna_scolopes	Mir-1990	0	0	0	0	0	0	0	0	59.8
Euprymna_scolopes	Mir-1992	0	0	0	0	1	1	1	1	52.8
Euprymna_scolopes	Mir-1993	0	0	0	0	1	1	1	1	44.3
Euprymna_scolopes	Mir-1994	0	0	0	0	2	2	2	2	50.3
Euprymna_scolopes	Mir-2	5	5	0	0	8	8	7	13	32.2
Euprymna_scolopes	Mir-2001	0	0	0	0	0	0	0	0	50.6
Euprymna_scolopes	Mir-210	1	1	0	0	2	2	1	3	42.2
Euprymna_scolopes	Mir-216	0	0	0	0	2	2	2	2	38.9
Euprymna_scolopes	Mir-219	0	0	0	0	1	1	1	1	44.7
Euprymna_scolopes	Mir-22	0	0	0	0	2	2	2	2	43.8
Euprymna_scolopes	Mir-242	0	0	0	0	0	0	0	0	50
Euprymna_scolopes	Mir-252	0	0	0	0	1	1	1	1	35.7
Euprymna_scolopes	Mir-2722	0	0	0	0	1	1	1	1	80.4
Euprymna_scolopes	Mir-277	1	0	0	0	1	1	1	2	44.9
Euprymna_scolopes	Mir-278	0	0	0	0	1	1	1	1	42.2
Euprymna_scolopes	Mir-279	0	0	0	0	1	1	1	1	37.4
Euprymna_scolopes	Mir-281	0	0	0	0	1	1	1	1	46
Euprymna_scolopes	Mir-29	0	0	0	0	2	2	2	2	36.7
Euprymna_scolopes	Mir-31	0	0	0	0	1	1	1	1	42.3
Euprymna_scolopes	Mir-315	0	0	0	0	1	1	1	1	51
Euprymna_scolopes	Mir-317	0	0	0	0	1	1	1	1	51
Euprymna_scolopes	Mir-33	0	0	0	0	1	1	1	1	51.7
Euprymna_scolopes	Mir-34	0	0	0	0	1	1	1	1	54.8
Euprymna_scolopes	Mir-36	0	0	0	0	2	2	2	2	39.4
Euprymna_scolopes	Mir-375	0	0	0	0	1	1	1	1	40.6
Euprymna_scolopes	Mir-67	4	0	0	0	0	0	0	4	51.5
Euprymna_scolopes	Mir-7	0	0	0	0	1	1	1	1	44.8
Euprymna_scolopes	Mir-71	0	0	0	0	1	1	1	1	49.7
Euprymna_scolopes	Mir-750	0	0	0	0	1	1	1	1	40.7
Euprymna_scolopes	Mir-76	0	0	0	0	1	1	1	1	45.2
Euprymna_scolopes	Mir-8	0	0	0	0	1	1	1	1	53.3
Euprymna_scolopes	Mir-87	0	0	0	0	1	1	1	1	46.8
Euprymna_scolopes	Mir-9	0	0	0	0	1	1	1	1	40.3
Euprymna_scolopes	Mir-92	0	0	0	0	1	1	1	1	37.1
Euprymna_scolopes	Mir-96	0	0	0	0	1	1	1	1	33.3
Octopus_bimaculoides	Bantam	0	0	0	0	0	0	0	0	46.7
Octopus_bimaculoides	Let-7	1	0	0	0	1	1	1	2	41.6
Octopus_bimaculoides	Mir-1	1	0	0	0	1	1	1	2	44.9
Octopus_bimaculoides	Mir-10	2	2	1	1	1	1	2	3	29.5
Octopus_bimaculoides	Mir-1175	2	0	0	0	1	1	1	3	50.3
Octopus_bimaculoides	Mir-12	0	0	0	0	0	0	0	0	49.3
Octopus_bimaculoides	Mir-124	0	0	0	0	1	1	1	1	37.7
Octopus_bimaculoides	Mir-133	0	0	0	0	1	1	1	1	40.1
Octopus_bimaculoides	Mir-137	1	0	0	0	1	1	1	2	43.7
Octopus_bimaculoides	Mir-153	0	0	0	0	1	1	1	1	57.8
Octopus_bimaculoides	Mir-184	1	0	0	0	2	2	2	3	44.2
Octopus_bimaculoides	Mir-190	1	0	0	0	1	1	1	2	46.2
Octopus_bimaculoides	Mir-193	2	0	0	1	1	0	1	3	40.6
Octopus_bimaculoides	Mir-1984	1	0	0	0	2	2	2	3	56.2
Octopus_bimaculoides	Mir-1985	0	0	0	0	0	0	0	0	72.7
Octopus_bimaculoides	Mir-1986	1	0	0	0	1	1	1	2	61.4
Octopus_bimaculoides	Mir-1989	6	0	0	0	0	0	0	6	42.2
Octopus_bimaculoides	Mir-1990	0	0	0	0	0	0	0	0	59.8
Octopus_bimaculoides	Mir-1992	1	0	0	0	1	1	1	2	52.8
Octopus_bimaculoides	Mir-1993	0	0	0	0	1	1	1	1	44.3
Octopus_bimaculoides	Mir-1994	1	0	0	0	2	2	2	3	50.3
Octopus_bimaculoides	Mir-2	5	5	0	0	9	9	9	14	32.2
Octopus_bimaculoides	Mir-2001	0	0	0	0	0	0	0	0	50.6
Octopus_bimaculoides	Mir-210	0	0	0	0	2	2	1	2	42.2
Octopus_bimaculoides	Mir-216	1	1	0	0	2	2	2	3	38.9
Octopus_bimaculoides	Mir-219	1	0	0	0	1	1	1	2	44.7
Octopus_bimaculoides	Mir-22	1	0	0	0	1	1	1	2	43.8
Octopus_bimaculoides	Mir-242	1	0	0	0	0	0	0	1	50
Octopus_bimaculoides	Mir-252	0	0	0	0	1	1	1	1	35.7
Octopus_bimaculoides	Mir-2722	0	0	0	0	1	1	1	1	80.4
Octopus_bimaculoides	Mir-277	1	0	0	0	1	1	1	2	44.9
Octopus_bimaculoides	Mir-278	1	0	0	0	1	1	1	2	42.2
Octopus_bimaculoides	Mir-279	2	2	0	0	1	1	1	3	37.4
Octopus_bimaculoides	Mir-281	1	0	0	0	1	1	1	2	46
Octopus_bimaculoides	Mir-29	0	0	0	0	2	2	2	2	36.7
Octopus_bimaculoides	Mir-31	0	0	0	0	1	1	1	1	42.3
Octopus_bimaculoides	Mir-315	0	0	0	0	1	1	1	1	51
Octopus_bimaculoides	Mir-317	0	0	0	0	1	1	1	1	51
Octopus_bimaculoides	Mir-33	2	0	0	0	1	1	1	3	51.7
Octopus_bimaculoides	Mir-34	0	0	0	0	1	1	1	1	54.8
Octopus_bimaculoides	Mir-36	0	0	0	0	2	2	2	2	39.4
Octopus_bimaculoides	Mir-375	0	0	0	0	1	1	1	1	40.6
Octopus_bimaculoides	Mir-67	5	0	0	0	1	1	1	6	51.5
Octopus_bimaculoides	Mir-7	0	0	0	0	1	1	1	1	44.8
Octopus_bimaculoides	Mir-71	3	0	0	0	1	1	1	4	49.7
Octopus_bimaculoides	Mir-750	0	0	0	0	1	1	1	1	40.7
Octopus_bimaculoides	Mir-76	0	0	0	0	1	1	1	1	45.2
Octopus_bimaculoides	Mir-8	2	0	0	0	1	1	1	3	53.3
Octopus_bimaculoides	Mir-87	0	0	0	0	1	1	1	1	46.8
Octopus_bimaculoides	Mir-9	2	0	0	0	1	1	1	3	40.3
Octopus_bimaculoides	Mir-92	0	0	0	0	1	1	1	1	37.1
Octopus_bimaculoides	Mir-96	0	0	0	0	1	1	1	1	33.3
Octopus_vulgaris	Bantam	0	0	0	0	1	1	1	1	46.7
Octopus_vulgaris	Let-7	1	0	0	0	1	1	1	2	41.6
Octopus_vulgaris	Mir-1	0	0	0	0	1	1	1	1	44.9
Octopus_vulgaris	Mir-10	1	1	2	2	1	1	3	2	29.5
Octopus_vulgaris	Mir-1175	1	0	0	0	1	1	1	2	50.3
Octopus_vulgaris	Mir-12	0	0	0	0	1	1	1	1	49.3
Octopus_vulgaris	Mir-124	0	0	0	0	1	1	1	1	37.7
Octopus_vulgaris	Mir-133	0	0	0	0	1	1	1	1	40.1
Octopus_vulgaris	Mir-137	0	0	0	0	1	1	0	1	43.7
Octopus_vulgaris	Mir-153	0	0	0	0	1	1	1	1	57.8
Octopus_vulgaris	Mir-184	0	0	0	0	2	2	2	2	44.2
Octopus_vulgaris	Mir-190	0	0	0	0	1	1	1	1	46.2
Octopus_vulgaris	Mir-193	2	0	0	1	1	0	1	3	40.6
Octopus_vulgaris	Mir-1984	0	0	0	0	2	2	2	2	56.2
Octopus_vulgaris	Mir-1985	0	0	0	0	0	0	0	0	72.7
Octopus_vulgaris	Mir-1986	0	0	0	0	1	1	1	1	61.4
Octopus_vulgaris	Mir-1989	0	0	0	0	0	0	0	0	42.2
Octopus_vulgaris	Mir-1990	0	0	0	0	0	0	0	0	59.8
Octopus_vulgaris	Mir-1992	0	0	0	0	1	1	1	1	52.8
Octopus_vulgaris	Mir-1993	0	0	0	0	1	1	1	1	44.3
Octopus_vulgaris	Mir-1994	0	0	0	0	2	2	2	2	50.3
Octopus_vulgaris	Mir-2	0	0	0	0	9	9	9	9	32.2
Octopus_vulgaris	Mir-2001	1	0	0	0	0	0	0	1	50.6
Octopus_vulgaris	Mir-210	0	0	0	0	2	2	1	2	42.2
Octopus_vulgaris	Mir-216	0	0	0	0	2	2	2	2	38.9
Octopus_vulgaris	Mir-219	0	0	0	0	1	1	1	1	44.7
Octopus_vulgaris	Mir-22	0	0	0	0	2	2	2	2	43.8
Octopus_vulgaris	Mir-242	0	0	0	0	0	0	0	0	50
Octopus_vulgaris	Mir-252	0	0	0	0	1	1	1	1	35.7
Octopus_vulgaris	Mir-2722	0	0	0	0	1	1	1	1	80.4
Octopus_vulgaris	Mir-277	1	0	0	0	1	1	1	2	44.9
Octopus_vulgaris	Mir-278	0	0	0	0	1	1	1	1	42.2
Octopus_vulgaris	Mir-279	1	0	0	0	1	1	1	2	37.4
Octopus_vulgaris	Mir-281	0	0	0	0	1	1	1	1	46
Octopus_vulgaris	Mir-29	0	0	0	0	2	2	2	2	36.7
Octopus_vulgaris	Mir-31	0	0	0	0	1	1	1	1	42.3
Octopus_vulgaris	Mir-315	0	0	0	0	1	1	1	1	51
Octopus_vulgaris	Mir-317	0	0	0	0	1	1	1	1	51
Octopus_vulgaris	Mir-33	0	0	0	0	1	1	1	1	51.7
Octopus_vulgaris	Mir-34	0	0	0	0	1	1	1	1	54.8
Octopus_vulgaris	Mir-36	0	0	0	0	2	2	2	2	39.4
Octopus_vulgaris	Mir-375	1	0	0	0	1	1	1	2	40.6
Octopus_vulgaris	Mir-67	0	0	0	0	1	1	1	1	51.5
Octopus_vulgaris	Mir-7	0	0	0	0	1	1	1	1	44.8
Octopus_vulgaris	Mir-71	1	0	0	0	1	1	1	2	49.7
Octopus_vulgaris	Mir-750	0	0	0	0	1	1	1	1	40.7
Octopus_vulgaris	Mir-76	0	0	0	0	1	1	1	1	45.2
Octopus_vulgaris	Mir-8	2	0	0	0	1	1	1	3	53.3
Octopus_vulgaris	Mir-87	0	0	0	0	1	1	1	1	46.8
Octopus_vulgaris	Mir-9	5	1	0	0	1	1	1	6	40.3
Octopus_vulgaris	Mir-92	0	0	0	0	0	0	0	0	37.1
Octopus_vulgaris	Mir-96	0	0	0	0	2	2	2	2	33.3
Lingula_anatina	Bantam	0	0	0	0	1	1	1	1	46.7
Lingula_anatina	Let-7	0	0	0	0	1	1	1	1	41.6
Lingula_anatina	Mir-1	0	0	0	0	1	1	1	1	44.9
Lingula_anatina	Mir-10	0	0	0	0	6	6	6	6	29.5
Lingula_anatina	Mir-1175	0	0	0	0	1	1	1	1	50.3
Lingula_anatina	Mir-12	0	0	0	0	2	2	2	2	49.3
Lingula_anatina	Mir-124	0	0	0	0	1	1	1	1	37.7
Lingula_anatina	Mir-133	0	0	0	0	1	1	1	1	40.1
Lingula_anatina	Mir-137	0	0	0	0	1	1	1	1	43.7
Lingula_anatina	Mir-153	0	0	0	0	1	1	1	1	57.8
Lingula_anatina	Mir-184	0	0	0	0	1	1	1	1	44.2
Lingula_anatina	Mir-190	1	0	0	0	2	2	2	3	46.2
Lingula_anatina	Mir-193	3	0	0	2	4	2	4	7	40.6
Lingula_anatina	Mir-1986	0	0	0	0	1	1	1	1	61.4
Lingula_anatina	Mir-1989	1	0	0	0	3	3	3	4	42.2
Lingula_anatina	Mir-1990	2	0	0	0	1	1	1	3	59.8
Lingula_anatina	Mir-1992	0	0	0	0	1	1	1	1	52.8
Lingula_anatina	Mir-1993	1	0	0	0	1	1	1	2	44.3
Lingula_anatina	Mir-1994	0	0	0	0	4	4	4	4	50.3
Lingula_anatina	Mir-2	3	3	0	0	11	11	11	14	32.2
Lingula_anatina	Mir-2001	1	0	0	0	2	2	2	3	50.6
Lingula_anatina	Mir-210	1	0	0	0	1	1	1	2	42.2
Lingula_anatina	Mir-216	0	0	0	0	4	4	4	4	38.9
Lingula_anatina	Mir-219	0	0	0	0	1	1	1	1	44.7
Lingula_anatina	Mir-22	0	0	0	0	2	2	2	2	43.8
Lingula_anatina	Mir-242	0	0	0	0	1	1	1	1	50
Lingula_anatina	Mir-252	2	2	0	0	2	2	2	4	35.7
Lingula_anatina	Mir-277	1	0	0	0	3	3	3	4	44.9
Lingula_anatina	Mir-278	0	0	0	0	1	1	1	1	42.2
Lingula_anatina	Mir-279	0	0	0	0	2	2	2	2	37.4
Lingula_anatina	Mir-281	2	1	0	0	1	1	1	3	46
Lingula_anatina	Mir-29	3	1	0	0	4	4	4	7	36.7
Lingula_anatina	Mir-31	0	0	0	0	2	2	2	2	42.3
Lingula_anatina	Mir-315	0	0	0	0	1	1	1	1	51
Lingula_anatina	Mir-317	0	0	0	0	2	2	2	2	51
Lingula_anatina	Mir-33	0	0	0	0	2	2	2	2	51.7
Lingula_anatina	Mir-34	0	0	0	0	2	2	2	2	54.8
Lingula_anatina	Mir-36	3	0	0	0	0	0	0	3	39.4
Lingula_anatina	Mir-375	0	0	0	0	1	1	1	1	40.6
Lingula_anatina	Mir-67	0	0	0	0	1	1	1	1	51.5
Lingula_anatina	Mir-7	0	0	0	0	1	1	1	1	44.8
Lingula_anatina	Mir-71	0	0	0	0	2	2	2	2	49.7
Lingula_anatina	Mir-750	0	0	0	0	1	1	1	1	40.7
Lingula_anatina	Mir-76	0	0	0	0	2	2	2	2	45.2
Lingula_anatina	Mir-8	1	0	0	0	1	1	1	2	53.3
Lingula_anatina	Mir-87	1	0	0	0	2	2	2	3	46.8
Lingula_anatina	Mir-9	0	0	0	0	1	1	1	1	40.3
Lingula_anatina	Mir-92	1	1	0	0	9	9	9	10	37.1
Lingula_anatina	Mir-96	0	0	0	0	3	3	3	3	33.3
Schmidtea_mediterranea	Bantam	67	0	0	0	3	3	3	70	46.7
Schmidtea_mediterranea	Let-7	1	0	0	3	6	3	6	7	41.6
Schmidtea_mediterranea	Mir-1	0	0	0	1	3	2	3	3	44.9
Schmidtea_mediterranea	Mir-10	0	0	5	5	0	0	5	0	29.5
Schmidtea_mediterranea	Mir-1175	0	0	0	0	2	2	2	2	50.3
Schmidtea_mediterranea	Mir-12	0	0	1	1	2	2	3	2	49.3
Schmidtea_mediterranea	Mir-124	3	3	0	0	7	7	7	10	37.7
Schmidtea_mediterranea	Mir-133	1	1	0	0	2	2	2	3	40.1
Schmidtea_mediterranea	Mir-137	1	0	0	0	0	0	0	1	43.7
Schmidtea_mediterranea	Mir-153	1	0	1	1	0	0	1	1	57.8
Schmidtea_mediterranea	Mir-184	0	0	0	1	2	1	2	2	44.2
Schmidtea_mediterranea	Mir-190	0	0	1	3	2	0	3	2	46.2
Schmidtea_mediterranea	Mir-193	0	0	0	0	0	0	0	0	40.6
Schmidtea_mediterranea	Mir-1989	0	0	0	0	1	1	1	1	42.2
Schmidtea_mediterranea	Mir-1992	0	0	0	0	2	2	1	2	52.8
Schmidtea_mediterranea	Mir-1993	0	0	0	0	2	2	2	2	44.3
Schmidtea_mediterranea	Mir-2	1	1	5	5	4	4	9	5	32.2
Schmidtea_mediterranea	Mir-2001	0	0	0	0	0	0	0	0	50.6
Schmidtea_mediterranea	Mir-210	2	0	0	2	2	0	2	4	42.2
Schmidtea_mediterranea	Mir-216	0	0	0	0	2	2	2	2	38.9
Schmidtea_mediterranea	Mir-219	0	0	0	0	2	2	2	2	44.7
Schmidtea_mediterranea	Mir-22	0	0	0	0	1	1	1	1	43.8
Schmidtea_mediterranea	Mir-242	0	0	0	0	0	0	0	0	50
Schmidtea_mediterranea	Mir-252	0	0	0	0	0	0	0	0	35.7
Schmidtea_mediterranea	Mir-277	4	0	0	2	4	2	4	8	44.9
Schmidtea_mediterranea	Mir-278	0	0	0	0	1	1	1	1	42.2
Schmidtea_mediterranea	Mir-279	0	0	1	2	1	0	2	1	37.4
Schmidtea_mediterranea	Mir-281	1	0	0	1	1	0	1	2	46
Schmidtea_mediterranea	Mir-29	1	1	0	0	1	1	1	2	36.7
Schmidtea_mediterranea	Mir-31	1	1	0	0	2	2	2	3	42.3
Schmidtea_mediterranea	Mir-315	0	0	0	0	1	1	1	1	51
Schmidtea_mediterranea	Mir-317	0	0	0	0	0	0	0	0	51
Schmidtea_mediterranea	Mir-33	0	0	0	0	0	0	0	0	51.7
Schmidtea_mediterranea	Mir-34	0	0	0	0	0	0	0	0	54.8
Schmidtea_mediterranea	Mir-36	3	2	0	1	3	2	3	6	39.4
Schmidtea_mediterranea	Mir-375	1	0	0	0	0	0	0	1	40.6
Schmidtea_mediterranea	Mir-67	0	0	0	0	1	1	1	1	51.5
Schmidtea_mediterranea	Mir-7	0	0	0	1	4	3	4	4	44.8
Schmidtea_mediterranea	Mir-71	0	0	0	1	5	4	5	5	49.7
Schmidtea_mediterranea	Mir-750	0	0	0	0	1	1	1	1	40.7
Schmidtea_mediterranea	Mir-76	2	2	0	0	2	2	2	4	45.2
Schmidtea_mediterranea	Mir-8	0	0	0	1	2	1	2	2	53.3
Schmidtea_mediterranea	Mir-87	1	1	0	1	4	3	4	5	46.8
Schmidtea_mediterranea	Mir-9	0	0	0	0	3	3	3	3	40.3
Schmidtea_mediterranea	Mir-92	0	0	1	1	0	0	1	0	37.1
Schmidtea_mediterranea	Mir-96	1	1	0	0	2	2	2	3	33.3
Brachionus_plicatilis	Bantam	0	0	0	0	1	1	1	1	46.7
Brachionus_plicatilis	Let-7	1	1	0	0	0	0	1	1	41.6
Brachionus_plicatilis	Mir-1	0	0	0	0	2	2	2	2	44.9
Brachionus_plicatilis	Mir-10	1	1	2	2	1	1	3	2	29.5
Brachionus_plicatilis	Mir-1175	0	0	0	1	1	0	1	1	50.3
Brachionus_plicatilis	Mir-12	0	0	0	0	1	1	1	1	49.3
Brachionus_plicatilis	Mir-124	1	1	0	0	0	0	0	1	37.7
Brachionus_plicatilis	Mir-133	0	0	0	0	0	0	0	0	40.1
Brachionus_plicatilis	Mir-137	1	0	0	0	0	0	0	1	43.7
Brachionus_plicatilis	Mir-153	0	0	0	0	1	1	1	1	57.8
Brachionus_plicatilis	Mir-184	0	0	0	1	1	0	1	1	44.2
Brachionus_plicatilis	Mir-190	0	0	0	0	1	1	1	1	46.2
Brachionus_plicatilis	Mir-193	2	0	0	0	0	0	0	2	40.6
Brachionus_plicatilis	Mir-1993	1	0	0	0	1	1	1	2	44.3
Brachionus_plicatilis	Mir-2	0	0	0	0	0	0	0	0	32.2
Brachionus_plicatilis	Mir-2001	1	0	0	0	0	0	0	1	50.6
Brachionus_plicatilis	Mir-210	0	0	0	0	0	0	0	0	42.2
Brachionus_plicatilis	Mir-216	0	0	0	0	1	1	1	1	38.9
Brachionus_plicatilis	Mir-219	1	0	0	0	0	0	0	1	44.7
Brachionus_plicatilis	Mir-22	0	0	0	1	1	0	1	1	43.8
Brachionus_plicatilis	Mir-242	0	0	0	0	1	1	1	1	50
Brachionus_plicatilis	Mir-252	0	0	0	0	0	0	0	0	35.7
Brachionus_plicatilis	Mir-277	0	0	0	0	1	1	1	1	44.9
Brachionus_plicatilis	Mir-278	0	0	0	0	0	0	0	0	42.2
Brachionus_plicatilis	Mir-279	0	0	0	1	1	0	1	1	37.4
Brachionus_plicatilis	Mir-281	1	0	0	0	1	1	1	2	46
Brachionus_plicatilis	Mir-29	0	0	0	0	1	1	1	1	36.7
Brachionus_plicatilis	Mir-31	0	0	0	0	1	1	1	1	42.3
Brachionus_plicatilis	Mir-315	0	0	0	0	1	1	1	1	51
Brachionus_plicatilis	Mir-317	0	0	0	0	0	0	0	0	51
Brachionus_plicatilis	Mir-33	0	0	0	0	0	0	0	0	51.7
Brachionus_plicatilis	Mir-34	0	0	0	0	0	0	0	0	54.8
Brachionus_plicatilis	Mir-36	0	0	1	3	2	0	3	2	39.4
Brachionus_plicatilis	Mir-375	0	0	0	0	1	1	1	1	40.6
Brachionus_plicatilis	Mir-67	0	0	0	0	0	0	0	0	51.5
Brachionus_plicatilis	Mir-7	1	0	0	1	2	1	2	3	44.8
Brachionus_plicatilis	Mir-71	0	0	0	0	0	0	0	0	49.7
Brachionus_plicatilis	Mir-750	0	0	0	0	1	1	1	1	40.7
Brachionus_plicatilis	Mir-76	0	0	0	0	1	1	1	1	45.2
Brachionus_plicatilis	Mir-8	0	0	0	0	1	1	1	1	53.3
Brachionus_plicatilis	Mir-87	0	0	0	0	1	1	1	1	46.8
Brachionus_plicatilis	Mir-9	0	0	0	0	1	1	1	1	40.3
Brachionus_plicatilis	Mir-92	0	0	0	0	0	0	0	0	37.1
Brachionus_plicatilis	Mir-96	1	0	0	0	1	1	1	2	33.3
